-- MySQL dump 10.13  Distrib 8.0.21, for Linux (x86_64)
--
-- Host: localhost    Database: vk
-- ------------------------------------------------------
-- Server version	8.0.21-0ubuntu0.20.04.4

/*!40101 SET @OLD_CHARACTER_SET_CLIENT=@@CHARACTER_SET_CLIENT */;
/*!40101 SET @OLD_CHARACTER_SET_RESULTS=@@CHARACTER_SET_RESULTS */;
/*!40101 SET @OLD_COLLATION_CONNECTION=@@COLLATION_CONNECTION */;
/*!50503 SET NAMES utf8mb4 */;
/*!40103 SET @OLD_TIME_ZONE=@@TIME_ZONE */;
/*!40103 SET TIME_ZONE='+00:00' */;
/*!40014 SET @OLD_UNIQUE_CHECKS=@@UNIQUE_CHECKS, UNIQUE_CHECKS=0 */;
/*!40014 SET @OLD_FOREIGN_KEY_CHECKS=@@FOREIGN_KEY_CHECKS, FOREIGN_KEY_CHECKS=0 */;
/*!40101 SET @OLD_SQL_MODE=@@SQL_MODE, SQL_MODE='NO_AUTO_VALUE_ON_ZERO' */;
/*!40111 SET @OLD_SQL_NOTES=@@SQL_NOTES, SQL_NOTES=0 */;

--
-- Table structure for table `communities`
--

DROP TABLE IF EXISTS `communities`;
/*!40101 SET @saved_cs_client     = @@character_set_client */;
/*!50503 SET character_set_client = utf8mb4 */;
CREATE TABLE `communities` (
  `id` int unsigned NOT NULL AUTO_INCREMENT COMMENT 'Идентификатор сроки',
  `name` varchar(150) NOT NULL COMMENT 'Название группы',
  `created_at` datetime DEFAULT CURRENT_TIMESTAMP COMMENT 'Время создания строки',
  `updated_at` datetime DEFAULT CURRENT_TIMESTAMP ON UPDATE CURRENT_TIMESTAMP COMMENT 'Время обновления строки',
  PRIMARY KEY (`id`),
  UNIQUE KEY `name` (`name`)
) ENGINE=InnoDB AUTO_INCREMENT=31 DEFAULT CHARSET=utf8mb4 COLLATE=utf8mb4_0900_ai_ci COMMENT='Группы';
/*!40101 SET character_set_client = @saved_cs_client */;

--
-- Dumping data for table `communities`
--

LOCK TABLES `communities` WRITE;
/*!40000 ALTER TABLE `communities` DISABLE KEYS */;
INSERT INTO `communities` VALUES (1,'Hoeger','2017-10-20 09:37:48','2011-08-13 14:45:40'),(2,'Kshlerin','2013-01-23 03:04:05','2017-12-07 20:24:21'),(3,'Smitham','2014-03-31 01:24:59','2012-10-20 01:00:10'),(4,'Hammes','2017-06-18 21:49:29','2018-08-14 09:41:13'),(5,'Bartoletti','2018-06-10 10:21:55','2012-05-12 19:48:18'),(6,'Walker','2019-05-15 17:39:17','2014-01-18 06:42:46'),(7,'Watsica','2011-04-02 18:30:43','2014-06-11 00:14:33'),(8,'Kilback','2019-10-11 08:40:34','2019-02-24 07:31:00'),(9,'Quigley','2018-04-09 14:49:57','2017-11-09 22:26:01'),(10,'Witting','2020-02-02 03:30:02','2018-10-11 04:50:32'),(11,'Heidenreich','2018-10-30 13:42:05','2019-02-03 12:01:32'),(12,'Kohler','2013-10-18 19:44:17','2017-09-24 14:51:58'),(13,'Farrell','2019-06-16 11:29:05','2013-03-10 17:40:34'),(14,'Frami','2019-07-16 03:35:43','2016-06-23 05:39:09'),(15,'Gottlieb','2013-10-24 09:02:53','2019-04-10 22:07:34'),(16,'Blick','2011-06-18 21:40:25','2019-12-10 08:05:37'),(17,'Crooks','2017-10-06 07:31:18','2013-07-24 10:06:31'),(18,'Cruickshank','2019-07-12 05:50:47','2014-08-10 18:33:04'),(19,'Sporer','2012-09-24 20:16:47','2019-07-03 19:25:59'),(20,'Marks','2020-04-19 08:41:02','2017-11-07 16:32:13'),(21,'Littel','2018-07-21 12:19:49','2019-03-19 14:25:02'),(22,'McCullough','2019-02-11 15:10:26','2018-10-24 05:13:25'),(23,'Jones','2018-03-15 15:58:53','2013-07-22 07:30:49'),(24,'White','2017-09-09 00:12:14','2015-04-23 04:10:18'),(25,'Jacobi','2019-07-22 19:46:41','2019-12-16 00:24:09'),(26,'Harris','2014-04-21 20:37:14','2020-07-10 16:35:09'),(27,'Hermann','2020-04-05 02:01:26','2018-10-27 19:47:40'),(28,'West','2014-03-30 08:23:14','2018-11-15 10:25:08'),(29,'Mitchell','2016-05-06 22:45:15','2019-04-25 16:04:04'),(30,'Bednar','2020-07-16 02:37:51','2014-02-10 14:40:31');
/*!40000 ALTER TABLE `communities` ENABLE KEYS */;
UNLOCK TABLES;

--
-- Table structure for table `communities_users`
--

DROP TABLE IF EXISTS `communities_users`;
/*!40101 SET @saved_cs_client     = @@character_set_client */;
/*!50503 SET character_set_client = utf8mb4 */;
CREATE TABLE `communities_users` (
  `community_id` int unsigned NOT NULL COMMENT 'Ссылка на группу',
  `user_id` int unsigned NOT NULL COMMENT 'Ссылка на пользователя',
  `created_at` datetime DEFAULT CURRENT_TIMESTAMP COMMENT 'Время создания строки',
  PRIMARY KEY (`community_id`,`user_id`) COMMENT 'Составной первичный ключ'
) ENGINE=InnoDB DEFAULT CHARSET=utf8mb4 COLLATE=utf8mb4_0900_ai_ci COMMENT='Участники групп, связь между пользователями и группами';
/*!40101 SET character_set_client = @saved_cs_client */;

--
-- Dumping data for table `communities_users`
--

LOCK TABLES `communities_users` WRITE;
/*!40000 ALTER TABLE `communities_users` DISABLE KEYS */;
INSERT INTO `communities_users` VALUES (1,25,'2018-02-04 22:35:54'),(2,7,'2020-07-14 12:56:22'),(3,34,'2020-08-01 14:39:11'),(3,78,'2012-04-23 13:32:16'),(4,40,'2016-11-20 08:54:30'),(4,42,'2016-08-06 16:13:24'),(4,76,'2011-06-06 06:23:59'),(4,84,'2012-04-10 02:17:02'),(4,99,'2012-04-28 11:23:00'),(5,5,'2018-11-17 08:03:08'),(6,56,'2015-07-03 05:50:25'),(7,4,'2018-09-03 05:15:49'),(7,10,'2017-11-07 19:06:53'),(7,18,'2017-01-14 05:22:46'),(7,58,'2016-10-02 07:31:01'),(7,64,'2012-10-23 09:09:58'),(7,97,'2011-09-27 19:35:41'),(8,3,'2013-12-28 13:35:54'),(8,10,'2015-04-22 06:54:20'),(8,64,'2018-10-22 09:29:55'),(8,71,'2020-06-28 00:06:58'),(9,62,'2015-10-10 21:53:25'),(9,68,'2012-06-01 13:09:35'),(10,12,'2011-04-26 20:55:50'),(10,86,'2019-04-20 21:58:25'),(11,4,'2014-04-24 08:43:30'),(11,76,'2016-06-08 08:37:00'),(11,80,'2013-02-04 20:26:33'),(11,85,'2015-06-06 14:26:01'),(11,95,'2011-03-20 20:33:44'),(12,13,'2012-06-13 05:40:21'),(12,38,'2018-03-12 07:08:06'),(12,93,'2011-05-06 02:04:12'),(13,11,'2014-11-12 20:57:49'),(13,32,'2015-09-02 09:59:36'),(13,46,'2016-04-03 19:37:07'),(13,51,'2011-12-24 01:14:16'),(13,69,'2016-08-19 05:45:15'),(13,74,'2012-06-21 20:55:47'),(13,75,'2020-01-27 12:48:27'),(13,77,'2013-05-12 09:11:15'),(14,16,'2018-10-05 16:40:16'),(14,33,'2018-10-30 11:05:29'),(14,97,'2017-08-27 07:49:15'),(15,3,'2014-06-17 14:13:32'),(15,18,'2011-09-17 17:09:33'),(15,22,'2013-02-06 07:50:16'),(16,15,'2015-07-21 21:15:47'),(16,24,'2012-04-12 09:18:46'),(17,34,'2012-09-25 19:06:05'),(17,80,'2013-02-15 13:55:59'),(17,93,'2013-09-20 02:50:01'),(18,12,'2016-10-26 09:01:18'),(18,22,'2011-06-25 04:27:50'),(18,35,'2019-02-05 12:37:59'),(18,61,'2015-02-28 00:39:24'),(18,69,'2014-05-30 17:27:46'),(18,77,'2015-11-05 21:34:21'),(19,18,'2013-06-18 12:20:42'),(19,27,'2010-12-22 21:35:15'),(20,2,'2013-11-10 01:49:01'),(20,78,'2018-06-01 06:41:37'),(20,94,'2017-04-20 19:32:22'),(21,29,'2012-02-23 23:10:16'),(21,70,'2014-12-10 09:57:36'),(21,93,'2018-12-04 13:24:50'),(22,52,'2013-06-26 07:34:39'),(22,69,'2015-04-07 09:47:31'),(22,81,'2011-06-28 20:35:11'),(23,27,'2010-11-27 23:59:18'),(23,28,'2014-02-21 10:00:37'),(23,34,'2015-11-20 02:57:18'),(23,89,'2015-05-22 06:05:41'),(24,38,'2017-03-09 00:47:29'),(25,30,'2013-03-20 21:00:24'),(25,32,'2013-05-04 18:31:33'),(25,45,'2018-01-22 22:00:39'),(25,73,'2014-03-02 07:00:45'),(25,76,'2016-01-28 21:56:23'),(25,86,'2014-10-12 13:07:59'),(26,18,'2015-10-03 06:43:33'),(26,23,'2020-05-23 05:20:27'),(26,30,'2018-10-14 05:54:58'),(27,11,'2018-04-24 23:10:53'),(27,63,'2020-05-23 07:01:30'),(27,68,'2013-11-24 13:26:05'),(27,90,'2011-02-01 17:05:03'),(27,100,'2013-05-03 15:36:36'),(28,2,'2015-09-26 07:39:34'),(28,35,'2011-03-15 05:29:19'),(28,61,'2016-02-18 00:11:10'),(28,73,'2018-07-27 18:25:59'),(29,47,'2020-01-23 06:21:01'),(29,59,'2019-11-05 08:30:11'),(29,89,'2015-11-07 09:44:05'),(30,5,'2014-08-05 00:27:23'),(30,13,'2010-11-19 05:18:50'),(30,50,'2019-10-10 07:46:43'),(30,75,'2011-08-11 09:06:13'),(30,89,'2015-11-27 11:50:59');
/*!40000 ALTER TABLE `communities_users` ENABLE KEYS */;
UNLOCK TABLES;

--
-- Table structure for table `friendship`
--

DROP TABLE IF EXISTS `friendship`;
/*!40101 SET @saved_cs_client     = @@character_set_client */;
/*!50503 SET character_set_client = utf8mb4 */;
CREATE TABLE `friendship` (
  `user_id` int unsigned NOT NULL COMMENT 'Ссылка на инициатора дружеских отношений',
  `friend_id` int unsigned NOT NULL COMMENT 'Ссылка на получателя приглашения дружить',
  `status_id` int unsigned NOT NULL COMMENT 'Ссылка на статус (текущее состояние) отношений',
  `requested_at` datetime DEFAULT CURRENT_TIMESTAMP COMMENT 'Время отправления приглашения дружить',
  `confirmed_at` datetime DEFAULT NULL COMMENT 'Время подтверждения приглашения',
  `created_at` datetime DEFAULT CURRENT_TIMESTAMP COMMENT 'Время создания строки',
  `updated_at` datetime DEFAULT CURRENT_TIMESTAMP ON UPDATE CURRENT_TIMESTAMP COMMENT 'Время обновления строки',
  PRIMARY KEY (`user_id`,`friend_id`) COMMENT 'Составной первичный ключ'
) ENGINE=InnoDB DEFAULT CHARSET=utf8mb4 COLLATE=utf8mb4_0900_ai_ci COMMENT='Таблица дружбы';
/*!40101 SET character_set_client = @saved_cs_client */;

--
-- Dumping data for table `friendship`
--

LOCK TABLES `friendship` WRITE;
/*!40000 ALTER TABLE `friendship` DISABLE KEYS */;
INSERT INTO `friendship` VALUES (1,2,1,'2020-05-18 02:25:31','2014-01-20 17:13:46','2017-03-20 22:34:49','2013-10-11 09:56:47'),(1,20,2,'2019-08-28 21:57:09','2010-12-04 13:47:17','2019-07-17 20:11:27','2016-02-09 05:10:31'),(2,46,1,'2014-07-21 01:27:49','2019-11-11 16:47:14','2012-07-12 04:48:54','2014-06-21 03:22:37'),(2,47,1,'2011-05-25 15:34:54','2016-01-08 09:14:54','2015-03-19 15:34:31','2012-09-17 03:10:08'),(2,92,4,'2019-02-21 04:48:40','2011-11-03 02:40:28','2018-08-01 09:24:50','2019-11-03 22:42:19'),(2,94,1,'2014-01-09 06:48:50','2019-04-06 17:04:39','2012-07-02 10:36:06','2015-10-24 15:11:20'),(3,9,1,'2020-01-16 06:27:29','2012-03-16 18:44:04','2020-09-05 04:50:01','2018-12-18 13:29:02'),(3,19,1,'2017-09-13 01:40:30','2014-10-12 08:43:26','2014-05-11 09:38:08','2011-06-06 11:33:08'),(3,65,2,'2014-09-04 11:11:34','2012-07-04 04:03:37','2017-04-23 23:22:09','2014-02-15 02:42:51'),(4,45,3,'2020-08-23 08:09:48','2012-04-07 21:50:35','2018-04-11 15:01:13','2014-11-08 10:35:52'),(4,64,2,'2012-03-17 14:45:48','2017-11-02 23:13:14','2018-07-19 12:00:35','2016-05-27 20:17:24'),(4,65,4,'2016-02-12 02:21:35','2016-07-30 17:29:29','2011-04-24 20:50:49','2017-11-24 17:04:13'),(5,41,4,'2015-07-21 15:47:56','2020-07-31 16:29:38','2014-06-14 11:11:36','2018-06-17 21:35:32'),(5,96,4,'2013-08-16 22:30:32','2012-12-28 23:50:35','2011-03-11 08:46:30','2013-01-05 02:05:34'),(6,11,4,'2020-03-07 15:20:13','2016-03-11 01:13:35','2014-08-17 17:35:33','2012-03-29 23:18:34'),(6,16,4,'2016-10-13 19:44:09','2013-02-07 10:26:00','2015-02-09 18:45:04','2016-01-23 16:55:45'),(7,34,2,'2017-08-06 20:44:27','2020-05-29 19:42:41','2012-03-15 02:43:41','2013-06-01 19:54:23'),(7,38,2,'2014-03-22 06:45:49','2017-06-23 13:59:35','2020-02-20 09:56:11','2017-07-16 06:53:36'),(7,76,2,'2016-06-09 01:00:04','2011-11-22 09:49:45','2011-02-17 09:37:26','2015-01-30 21:45:24'),(7,85,3,'2015-08-14 11:42:16','2016-05-30 19:48:32','2014-07-03 21:00:00','2015-07-27 20:55:43'),(8,7,3,'2011-12-23 01:50:39','2013-02-20 15:48:42','2014-11-05 13:10:10','2011-03-05 21:46:24'),(8,51,4,'2012-09-23 14:32:24','2013-04-07 09:39:05','2016-08-03 12:06:10','2014-03-03 11:41:39'),(9,13,2,'2010-11-12 08:41:06','2013-12-17 00:32:03','2017-07-16 02:36:56','2016-08-13 07:41:08'),(9,21,3,'2013-08-29 08:20:40','2014-03-21 03:33:07','2015-06-15 14:14:00','2018-11-23 04:52:17'),(9,86,4,'2011-06-14 19:24:15','2011-12-26 20:52:35','2018-09-24 21:04:50','2017-09-15 13:36:50'),(9,95,3,'2012-10-15 07:19:38','2014-01-08 17:07:21','2013-11-02 11:17:15','2019-07-24 15:38:12'),(10,32,1,'2015-11-14 19:52:55','2016-01-01 08:31:28','2020-03-14 04:23:52','2012-05-02 03:32:59'),(10,34,2,'2019-01-18 17:30:01','2012-05-07 21:38:21','2011-06-14 16:05:13','2017-01-25 10:35:24'),(10,43,4,'2015-02-14 08:39:21','2018-05-13 01:55:23','2017-03-25 10:22:42','2014-06-16 21:06:25'),(11,12,1,'2020-08-16 14:06:10','2019-08-01 04:12:31','2012-05-29 20:56:07','2015-12-05 21:57:02'),(11,38,1,'2016-11-15 12:46:16','2015-09-03 12:09:15','2011-03-18 22:25:01','2017-07-11 01:04:59'),(11,57,3,'2018-06-18 19:49:42','2010-09-19 10:59:14','2012-01-24 03:20:41','2011-09-04 05:01:46'),(11,66,4,'2012-08-24 08:50:35','2013-03-04 19:32:17','2017-01-15 22:38:28','2019-08-19 04:39:32'),(11,84,3,'2017-07-02 07:36:20','2011-12-02 13:06:01','2015-02-20 08:58:44','2015-11-05 20:10:06'),(12,31,3,'2016-06-21 10:11:06','2018-12-20 00:07:32','2014-02-13 10:37:09','2018-04-05 00:43:06'),(12,76,2,'2011-12-27 06:28:20','2018-06-11 05:24:49','2018-12-28 07:43:36','2011-01-18 13:30:16'),(12,84,3,'2015-09-23 01:57:31','2014-08-08 16:20:56','2019-12-01 19:48:54','2015-04-03 17:40:11'),(14,17,1,'2014-09-22 05:44:36','2019-01-23 22:59:26','2018-04-01 09:42:13','2014-10-07 01:42:39'),(14,76,1,'2014-05-25 23:59:43','2014-12-26 22:23:52','2012-04-07 07:05:07','2013-08-13 20:13:09'),(15,10,1,'2018-02-16 20:18:43','2015-04-28 05:57:17','2015-10-19 11:10:37','2015-12-26 14:58:50'),(15,16,3,'2016-03-08 07:13:12','2014-03-02 11:54:59','2019-05-11 13:09:09','2014-08-19 03:05:43'),(15,34,3,'2012-02-13 21:55:13','2011-06-18 13:11:45','2010-10-10 16:21:15','2017-10-21 03:34:36'),(15,64,1,'2016-05-17 00:58:42','2014-07-27 11:35:07','2018-03-08 16:53:26','2017-07-06 05:19:43'),(16,6,3,'2010-11-22 15:24:14','2015-04-12 10:00:33','2018-07-12 07:42:57','2013-11-16 06:18:04'),(16,10,3,'2012-08-24 00:56:34','2014-09-20 13:24:39','2020-06-25 06:08:04','2014-11-28 18:54:05'),(18,80,3,'2013-04-26 08:12:17','2016-04-19 18:54:33','2019-08-29 09:12:05','2013-05-22 00:17:21'),(19,1,4,'2020-02-02 16:35:05','2019-02-23 16:19:15','2011-10-21 05:09:38','2010-09-27 06:05:59'),(19,5,2,'2012-01-12 02:45:54','2013-03-11 14:32:37','2016-07-19 05:04:36','2019-03-04 07:01:11'),(19,53,1,'2011-10-22 01:07:13','2016-04-19 06:02:26','2013-06-27 06:38:07','2013-04-12 13:04:57'),(19,76,1,'2012-03-27 04:16:38','2015-11-21 10:30:07','2017-07-20 16:04:35','2015-11-16 11:54:56'),(19,79,4,'2015-12-25 02:32:16','2013-08-10 21:16:38','2014-11-30 12:04:51','2020-07-01 15:43:09'),(20,14,2,'2012-03-29 03:48:36','2013-05-26 01:28:52','2015-11-19 06:03:12','2018-06-12 00:49:12'),(21,59,4,'2014-02-02 15:32:24','2019-10-15 01:15:10','2013-03-21 01:02:14','2011-12-03 21:09:12'),(22,3,1,'2010-12-14 01:00:42','2012-05-29 20:53:11','2016-06-28 11:36:07','2017-09-23 21:07:06'),(23,60,3,'2012-01-19 03:56:07','2019-06-19 11:50:30','2011-09-16 16:41:31','2020-05-05 02:17:59'),(23,71,4,'2020-06-02 17:29:10','2011-08-04 12:30:00','2014-04-28 12:09:53','2019-10-08 10:28:19'),(24,25,1,'2014-06-20 11:32:26','2014-09-28 15:03:26','2012-05-12 23:57:21','2016-07-12 12:15:56'),(24,58,2,'2015-10-10 02:48:26','2018-08-21 03:39:17','2015-06-11 02:34:05','2020-02-07 20:26:08'),(24,72,1,'2010-09-17 05:08:09','2016-01-04 22:01:20','2012-05-20 21:24:57','2012-07-14 08:02:17'),(25,62,4,'2017-03-26 18:12:45','2013-07-09 07:46:12','2019-03-10 16:55:28','2013-11-05 10:52:35'),(26,62,3,'2019-10-06 21:55:29','2017-01-16 12:08:58','2016-03-03 08:22:53','2014-08-06 00:55:25'),(26,70,3,'2014-07-11 09:05:41','2017-05-02 01:58:59','2015-02-09 20:58:49','2016-11-23 22:41:09'),(26,100,3,'2014-09-05 02:46:33','2017-01-01 08:27:13','2013-08-17 12:32:11','2010-09-17 04:26:37'),(28,8,2,'2014-06-25 05:27:57','2018-02-03 17:49:43','2011-03-13 17:31:33','2018-06-19 23:32:32'),(28,76,2,'2017-10-22 08:39:27','2017-11-17 18:14:12','2013-02-24 14:58:09','2013-12-12 02:42:54'),(28,80,4,'2011-12-16 01:44:06','2016-04-04 17:03:51','2016-06-10 18:49:27','2017-08-05 06:12:19'),(29,14,2,'2012-08-04 14:48:06','2014-11-14 21:22:57','2019-07-08 00:35:57','2013-10-25 19:16:32'),(29,58,1,'2015-06-11 14:52:19','2015-08-19 10:23:18','2014-11-02 08:48:26','2020-06-17 15:52:23'),(30,68,2,'2017-08-29 09:13:12','2014-09-04 11:07:08','2011-03-14 19:23:50','2014-03-17 15:22:23'),(32,69,1,'2015-04-15 06:47:08','2020-09-08 02:27:31','2012-01-09 09:44:57','2016-05-26 21:10:54'),(32,98,1,'2012-09-08 03:37:52','2014-03-12 05:34:33','2017-07-16 14:13:18','2018-10-03 09:36:48'),(33,5,4,'2015-02-12 12:30:15','2016-10-16 08:17:32','2020-07-28 16:14:48','2019-03-15 20:19:38'),(33,18,2,'2014-06-02 10:29:40','2013-05-24 00:52:32','2016-09-30 03:24:07','2014-06-12 17:46:48'),(33,75,3,'2018-05-15 12:47:09','2016-04-27 09:03:30','2015-09-20 00:36:42','2012-07-15 14:39:06'),(34,13,3,'2013-01-22 05:23:26','2016-11-19 06:51:53','2013-04-24 20:34:58','2019-01-18 15:24:34'),(34,41,4,'2016-06-02 12:56:25','2020-01-01 00:55:21','2012-12-15 10:12:48','2016-02-19 17:04:39'),(34,53,4,'2018-11-16 14:41:35','2012-10-06 05:26:00','2014-01-07 17:44:13','2019-04-06 22:51:47'),(34,84,3,'2018-05-06 15:20:18','2013-09-30 06:35:11','2010-10-23 16:34:13','2016-05-19 07:10:26'),(35,52,1,'2019-08-11 23:18:43','2012-12-16 11:00:48','2018-05-13 00:59:33','2015-08-23 10:37:55'),(36,77,1,'2015-08-13 03:53:24','2019-12-15 22:41:15','2010-11-28 12:33:15','2012-08-31 13:59:19'),(37,8,3,'2012-03-11 04:15:39','2019-09-30 19:39:17','2015-06-06 07:13:45','2014-08-12 22:10:48'),(38,52,4,'2015-08-24 13:22:10','2012-12-18 22:12:47','2010-10-29 23:44:51','2012-07-10 04:33:35'),(39,71,2,'2013-09-26 02:51:18','2018-05-26 03:22:19','2020-08-12 05:28:15','2018-08-01 03:42:33'),(40,43,2,'2014-02-28 16:54:37','2014-08-22 13:26:56','2010-12-25 07:04:17','2019-07-09 14:45:47'),(41,8,4,'2013-11-24 23:35:55','2016-05-29 13:00:11','2011-10-19 03:57:26','2017-07-20 05:51:38'),(41,97,2,'2013-10-07 18:47:55','2016-11-07 02:35:31','2018-11-24 22:52:16','2013-08-22 09:41:13'),(42,52,2,'2013-11-16 00:14:15','2016-01-05 14:08:48','2015-10-04 15:54:22','2020-05-20 00:31:15'),(42,93,1,'2012-09-29 19:20:07','2017-07-25 10:00:14','2015-10-07 14:54:56','2020-02-02 08:10:50'),(43,92,3,'2011-11-21 06:34:25','2011-04-28 07:47:03','2013-01-06 17:02:03','2019-08-18 14:04:07'),(43,99,2,'2019-09-24 16:50:42','2014-09-26 08:29:22','2013-12-19 00:31:24','2016-05-13 11:36:56'),(44,49,3,'2014-12-12 05:37:09','2019-12-22 06:48:56','2020-07-25 00:19:13','2011-01-13 14:39:26'),(45,45,3,'2014-11-03 22:27:35','2015-10-26 21:59:25','2017-07-14 23:59:45','2016-04-08 23:58:01'),(46,45,1,'2016-10-06 22:56:02','2013-04-20 12:32:29','2018-02-26 05:31:45','2011-10-17 07:36:09'),(46,76,1,'2016-11-10 21:10:32','2018-03-27 18:29:52','2019-10-30 17:21:45','2015-12-07 14:14:49'),(46,82,4,'2012-03-21 06:20:37','2018-07-09 11:16:50','2012-06-30 03:25:44','2015-05-15 05:29:38'),(47,10,4,'2016-02-16 10:33:54','2014-07-27 03:45:09','2011-05-09 19:41:48','2017-11-27 03:12:58'),(48,54,4,'2019-10-10 05:14:09','2015-01-11 07:10:51','2012-05-21 17:02:48','2013-08-21 14:56:10'),(49,61,3,'2019-10-26 04:08:33','2019-12-04 04:41:53','2019-02-12 13:39:25','2019-02-12 22:48:18'),(50,5,1,'2014-05-15 16:55:23','2020-05-15 09:50:43','2016-11-29 20:48:55','2011-08-13 12:47:24'),(50,51,2,'2010-11-15 01:20:02','2013-01-06 13:41:54','2014-03-03 02:09:41','2020-08-10 13:57:14'),(50,93,2,'2012-06-10 03:26:48','2010-11-29 11:04:03','2020-02-23 05:35:59','2010-10-17 01:17:30'),(51,36,3,'2010-11-28 00:11:24','2013-10-02 08:40:46','2019-06-05 16:03:21','2018-01-14 23:20:57'),(51,73,3,'2016-11-19 17:34:19','2017-04-28 05:10:08','2012-04-09 22:51:06','2020-04-13 22:53:14'),(52,17,3,'2017-10-22 09:13:50','2017-08-20 05:48:44','2015-03-02 10:45:17','2011-03-04 11:49:23'),(52,32,1,'2018-05-30 08:43:10','2012-06-11 10:12:17','2015-08-15 23:12:20','2014-06-17 12:28:05'),(53,51,1,'2020-04-15 23:50:38','2020-09-07 10:15:30','2018-04-09 04:29:49','2012-07-10 20:15:10'),(53,66,2,'2010-10-08 16:06:48','2016-01-25 18:14:07','2015-08-15 09:11:42','2019-05-18 00:34:56'),(53,72,3,'2017-11-19 18:25:19','2020-01-25 21:07:06','2014-08-15 03:50:25','2019-04-15 04:17:11'),(53,90,2,'2019-11-01 12:05:53','2019-01-11 07:16:01','2016-02-02 00:00:09','2011-06-19 20:26:35'),(54,13,2,'2015-03-07 01:37:29','2010-12-13 12:52:32','2016-08-14 14:51:17','2012-02-22 03:47:36'),(54,98,4,'2012-04-01 03:41:11','2020-08-18 14:22:38','2011-05-01 13:02:10','2018-05-29 22:37:06'),(55,5,1,'2014-03-23 19:50:05','2012-09-01 20:05:41','2015-12-29 02:47:23','2019-02-28 10:59:39'),(55,67,3,'2015-06-17 23:08:28','2013-08-02 11:12:52','2014-04-18 03:44:30','2018-01-13 07:50:20'),(56,30,1,'2020-03-27 02:42:28','2017-03-01 14:45:21','2020-02-09 07:47:28','2016-03-07 17:49:28'),(56,74,1,'2012-11-26 23:25:55','2020-07-25 14:32:45','2018-07-15 03:23:10','2016-01-25 10:06:36'),(57,4,1,'2012-12-12 01:48:56','2011-08-10 13:41:35','2016-07-16 04:42:03','2012-10-04 03:54:11'),(57,17,4,'2019-07-30 10:26:06','2018-07-04 14:58:16','2011-03-18 01:22:14','2011-04-25 05:10:54'),(57,26,3,'2017-04-02 06:35:40','2011-01-27 13:01:23','2020-01-30 19:33:29','2012-11-23 03:13:08'),(57,42,4,'2018-08-10 09:47:30','2012-05-28 13:00:20','2012-10-13 03:31:38','2015-11-13 19:39:16'),(57,66,2,'2019-04-04 00:16:05','2017-06-13 12:45:52','2012-09-13 02:51:58','2014-08-26 23:48:15'),(57,73,3,'2016-05-30 18:28:08','2018-03-14 12:26:20','2010-12-09 23:30:59','2016-06-06 01:51:39'),(58,64,2,'2013-02-07 21:04:54','2019-11-16 13:08:27','2019-04-17 22:32:33','2014-08-13 04:16:33'),(58,66,2,'2010-09-24 05:24:28','2014-01-05 18:20:20','2018-06-13 18:20:29','2020-04-03 03:12:04'),(58,73,1,'2018-02-18 03:10:49','2013-02-14 13:09:58','2018-08-07 09:36:41','2017-07-09 16:04:38'),(59,1,2,'2013-06-30 17:15:53','2013-10-28 05:38:55','2020-08-14 01:03:51','2020-03-27 09:07:22'),(61,46,1,'2011-01-20 23:12:53','2017-07-07 17:43:51','2018-01-29 18:16:15','2017-08-28 12:51:48'),(61,52,2,'2020-06-24 21:29:45','2013-12-12 01:47:28','2020-08-13 04:49:03','2015-05-01 21:02:31'),(63,80,2,'2017-10-22 10:00:30','2015-05-22 21:57:25','2014-11-29 01:00:04','2012-07-06 14:16:11'),(65,58,3,'2018-07-13 18:20:48','2020-03-19 21:57:27','2015-06-25 23:24:28','2017-03-30 14:26:53'),(65,95,4,'2013-07-14 01:28:58','2013-05-22 11:02:49','2013-09-19 23:59:10','2017-07-24 22:49:48'),(66,70,2,'2010-10-22 04:13:07','2015-01-01 03:46:49','2014-01-05 13:30:42','2020-02-01 10:37:09'),(67,5,2,'2016-08-31 18:35:45','2018-03-12 06:39:18','2020-09-06 11:07:18','2013-04-03 05:03:14'),(67,43,4,'2011-03-02 04:13:20','2012-02-24 06:38:13','2020-04-11 07:54:47','2013-08-18 11:41:50'),(67,47,4,'2017-05-27 19:21:24','2017-03-08 06:04:14','2015-10-29 17:55:14','2018-07-27 11:48:58'),(67,74,1,'2017-02-20 06:24:25','2011-08-08 02:08:44','2014-09-20 18:12:00','2016-04-01 15:29:38'),(69,30,1,'2015-09-07 23:22:16','2015-12-07 13:34:33','2020-02-06 11:19:59','2014-12-05 19:24:25'),(69,41,1,'2011-10-27 21:10:34','2017-11-06 05:57:46','2019-07-29 07:29:21','2010-11-12 16:17:04'),(70,69,2,'2011-04-11 14:53:15','2011-02-24 20:12:17','2015-11-07 06:40:22','2015-04-07 03:17:17'),(70,87,3,'2017-11-15 02:02:34','2013-11-08 01:12:46','2016-08-13 01:57:39','2014-07-16 02:17:39'),(71,9,1,'2010-12-16 15:12:31','2016-04-05 01:31:41','2014-07-05 21:09:31','2014-01-14 09:23:11'),(72,41,3,'2017-02-13 22:07:00','2018-06-04 12:32:15','2019-10-12 09:57:03','2014-06-27 05:04:43'),(72,80,1,'2011-09-04 20:03:49','2018-01-12 15:45:37','2019-06-21 06:29:33','2019-07-10 17:54:33'),(72,89,2,'2016-02-14 07:09:02','2012-10-06 13:40:33','2013-11-27 14:13:04','2014-08-24 11:13:01'),(73,30,4,'2015-04-30 11:48:48','2010-11-07 22:40:15','2017-05-20 09:39:40','2011-02-04 18:00:14'),(73,58,2,'2015-09-26 15:42:15','2015-08-19 01:23:38','2012-04-06 17:55:30','2014-08-13 07:02:45'),(73,75,3,'2012-07-03 11:10:15','2017-06-14 16:32:19','2014-09-15 03:00:19','2019-05-30 02:43:19'),(74,11,3,'2014-10-19 05:49:24','2017-06-24 12:54:38','2011-10-04 18:58:57','2018-12-10 16:54:29'),(74,14,2,'2015-06-22 07:36:25','2014-11-25 00:38:22','2017-03-10 14:07:46','2012-03-25 01:09:17'),(75,97,3,'2015-11-11 21:58:29','2017-02-24 15:54:28','2018-07-19 22:29:44','2013-10-25 02:29:31'),(77,19,4,'2018-08-29 01:57:06','2017-06-05 09:46:44','2019-01-10 01:08:52','2013-05-29 08:42:43'),(77,84,2,'2015-07-08 11:45:56','2013-07-07 09:03:53','2015-06-24 08:17:01','2020-04-15 12:57:13'),(78,47,2,'2013-01-05 10:03:22','2012-04-15 10:53:17','2015-12-19 20:59:30','2012-01-23 00:57:19'),(79,39,3,'2019-11-02 14:16:15','2011-12-13 06:08:24','2017-09-27 04:32:27','2016-09-01 03:32:28'),(79,46,4,'2015-05-10 03:56:50','2019-03-22 03:47:30','2019-11-21 09:52:34','2014-02-23 09:50:19'),(80,4,3,'2011-06-12 00:15:23','2019-10-23 16:18:46','2020-01-23 01:54:01','2012-06-12 08:59:54'),(80,29,4,'2018-12-21 03:51:42','2013-04-02 16:04:57','2019-12-07 19:17:30','2014-11-06 09:21:08'),(80,50,2,'2011-05-05 10:46:48','2020-01-05 10:17:53','2018-07-21 01:05:13','2012-05-19 07:55:11'),(80,71,2,'2015-06-12 04:31:26','2013-08-06 08:27:25','2013-11-20 08:03:26','2016-11-30 05:22:13'),(81,9,1,'2017-11-15 04:52:39','2011-12-10 01:45:50','2013-02-07 14:04:50','2015-01-18 20:53:38'),(81,23,3,'2015-06-22 10:04:49','2012-05-23 11:41:35','2014-03-22 01:25:43','2012-08-12 00:23:57'),(81,61,1,'2013-01-02 05:00:00','2017-09-28 21:54:11','2017-02-02 00:11:59','2011-01-07 09:48:53'),(82,100,1,'2017-12-19 00:30:11','2016-06-21 07:45:18','2015-06-24 06:36:38','2017-12-26 16:13:10'),(83,41,1,'2019-01-19 20:56:14','2011-03-13 08:19:15','2016-11-27 20:27:14','2015-03-05 21:01:51'),(83,44,4,'2011-08-20 04:40:38','2015-03-18 16:04:55','2020-04-04 02:02:08','2017-12-13 22:18:25'),(83,77,1,'2018-04-26 17:10:52','2010-12-18 15:02:00','2010-12-06 20:26:39','2011-09-12 08:35:44'),(84,8,1,'2012-07-18 11:35:06','2020-05-31 07:28:31','2020-07-11 08:10:04','2018-11-18 02:19:00'),(84,81,1,'2013-06-20 00:16:51','2017-09-14 15:05:17','2014-09-08 09:41:26','2014-07-09 06:47:24'),(85,30,4,'2011-10-27 10:14:27','2018-12-04 09:28:55','2014-05-30 01:10:34','2019-04-10 18:26:37'),(85,97,4,'2015-09-03 16:15:52','2014-10-02 18:32:04','2017-05-07 06:37:51','2020-09-02 06:59:51'),(87,3,2,'2013-07-27 03:16:19','2011-03-07 12:54:30','2015-04-28 11:54:03','2013-03-11 14:01:56'),(87,19,1,'2019-06-16 05:18:09','2010-11-04 02:44:52','2016-07-28 02:18:13','2018-03-26 17:14:11'),(88,14,2,'2012-04-27 19:01:40','2013-10-13 16:05:22','2020-02-24 05:36:40','2015-09-08 18:05:32'),(88,16,3,'2011-06-10 17:44:45','2017-09-08 07:17:55','2013-03-11 05:58:34','2012-06-20 05:19:03'),(88,30,4,'2015-08-12 00:25:05','2011-08-07 19:53:00','2012-05-11 17:00:47','2012-02-21 03:23:19'),(88,93,4,'2019-09-14 03:37:56','2016-12-08 08:49:18','2015-10-20 09:59:22','2019-12-19 06:55:17'),(89,46,4,'2012-12-10 09:30:56','2019-12-29 00:53:21','2012-05-15 13:54:47','2018-11-14 20:28:09'),(89,55,4,'2019-03-10 06:58:56','2011-04-14 19:14:31','2013-05-10 21:01:52','2013-04-30 15:47:52'),(90,75,3,'2016-12-16 14:55:22','2019-03-04 16:10:14','2011-10-28 18:37:52','2016-10-27 09:23:02'),(91,23,3,'2011-07-24 11:41:50','2010-09-27 22:46:58','2012-02-18 13:08:23','2017-08-22 23:17:04'),(91,48,1,'2018-08-03 09:54:09','2013-12-09 02:56:13','2012-09-13 19:50:41','2017-11-25 13:25:31'),(92,6,1,'2016-12-14 08:06:52','2012-06-01 03:44:26','2019-11-23 08:13:18','2012-12-12 10:42:52'),(92,79,3,'2013-08-23 17:37:31','2019-10-06 17:22:35','2011-08-21 03:22:04','2011-10-19 03:11:43'),(92,92,3,'2018-10-26 07:05:39','2020-05-04 09:01:23','2011-01-14 00:15:55','2015-01-16 14:59:52'),(93,34,3,'2016-04-13 02:42:30','2013-10-01 19:10:39','2018-08-24 03:25:42','2016-02-18 16:53:34'),(93,42,2,'2013-07-21 01:27:24','2017-02-19 16:47:09','2012-01-26 00:32:17','2020-09-01 20:34:49'),(93,79,4,'2012-10-09 05:54:08','2012-03-28 21:36:29','2019-11-06 00:43:44','2017-03-20 08:23:20'),(94,25,4,'2011-07-13 21:13:53','2010-11-18 11:16:49','2017-02-09 09:24:47','2017-09-25 20:45:01'),(95,20,4,'2020-08-22 17:04:21','2018-12-04 15:17:23','2019-06-03 21:42:58','2010-09-30 09:15:32'),(95,69,2,'2013-04-11 13:01:30','2013-01-20 11:53:31','2013-10-29 16:52:35','2015-05-11 22:25:04'),(95,99,3,'2013-05-31 22:53:22','2014-01-18 15:23:12','2015-08-02 02:22:53','2014-01-26 05:36:45'),(97,29,4,'2017-08-25 15:41:56','2014-02-07 16:38:03','2013-10-22 07:20:34','2019-05-18 23:59:07'),(98,52,2,'2012-03-22 12:45:30','2012-11-22 05:02:31','2020-06-05 03:29:58','2016-03-29 10:38:51'),(98,79,3,'2016-01-19 19:13:23','2012-09-17 03:40:30','2010-11-20 17:43:06','2013-02-15 04:55:34'),(99,12,3,'2010-10-06 22:21:04','2017-03-26 05:29:49','2018-01-19 19:39:56','2017-06-05 01:39:49'),(99,27,4,'2018-01-09 03:14:45','2013-10-23 01:17:39','2017-08-27 15:33:38','2014-03-09 08:34:32'),(99,47,2,'2020-01-19 06:12:47','2017-11-20 12:19:39','2011-01-08 03:14:14','2015-12-20 03:19:17'),(99,78,3,'2015-07-26 06:44:35','2013-07-22 04:20:44','2018-03-15 00:58:45','2010-10-28 02:22:50'),(99,88,3,'2018-04-17 12:39:44','2012-10-18 06:17:57','2015-02-11 01:24:06','2015-09-09 15:27:54'),(99,91,2,'2012-12-10 00:56:13','2019-04-26 06:47:32','2018-05-22 07:18:59','2013-01-06 23:29:46'),(99,97,3,'2017-04-01 22:34:53','2012-01-18 05:58:21','2016-04-06 08:48:36','2013-06-02 16:36:52');
/*!40000 ALTER TABLE `friendship` ENABLE KEYS */;
UNLOCK TABLES;

--
-- Table structure for table `friendship_statuses`
--

DROP TABLE IF EXISTS `friendship_statuses`;
/*!40101 SET @saved_cs_client     = @@character_set_client */;
/*!50503 SET character_set_client = utf8mb4 */;
CREATE TABLE `friendship_statuses` (
  `id` int unsigned NOT NULL AUTO_INCREMENT COMMENT 'Идентификатор строки',
  `name` varchar(150) NOT NULL COMMENT 'Название статуса',
  `created_at` datetime DEFAULT CURRENT_TIMESTAMP COMMENT 'Время создания строки',
  `updated_at` datetime DEFAULT CURRENT_TIMESTAMP ON UPDATE CURRENT_TIMESTAMP COMMENT 'Время обновления строки',
  PRIMARY KEY (`id`),
  UNIQUE KEY `name` (`name`)
) ENGINE=InnoDB AUTO_INCREMENT=5 DEFAULT CHARSET=utf8mb4 COLLATE=utf8mb4_0900_ai_ci COMMENT='Статусы дружбы';
/*!40101 SET character_set_client = @saved_cs_client */;

--
-- Dumping data for table `friendship_statuses`
--

LOCK TABLES `friendship_statuses` WRITE;
/*!40000 ALTER TABLE `friendship_statuses` DISABLE KEYS */;
INSERT INTO `friendship_statuses` VALUES (1,'Запрос отправлен','2020-09-08 20:04:41','2020-09-08 20:04:41'),(2,'Запрос отклонен','2020-09-08 20:04:41','2020-09-08 20:04:41'),(3,'Дружба','2020-09-08 20:04:41','2020-09-08 20:04:41'),(4,'Блок','2020-09-08 20:04:41','2020-09-08 20:04:41');
/*!40000 ALTER TABLE `friendship_statuses` ENABLE KEYS */;
UNLOCK TABLES;

--
-- Table structure for table `media`
--

DROP TABLE IF EXISTS `media`;
/*!40101 SET @saved_cs_client     = @@character_set_client */;
/*!50503 SET character_set_client = utf8mb4 */;
CREATE TABLE `media` (
  `id` int unsigned NOT NULL AUTO_INCREMENT COMMENT 'Идентификатор строки',
  `user_id` int unsigned NOT NULL COMMENT 'Ссылка на пользователя, который загрузил файл',
  `filename` varchar(255) NOT NULL COMMENT 'Путь к файлу',
  `size` int NOT NULL COMMENT 'Размер файла',
  `metadata` json DEFAULT NULL COMMENT 'Метаданные файла',
  `media_type_id` int unsigned NOT NULL COMMENT 'Ссылка на тип контента',
  `created_at` datetime DEFAULT CURRENT_TIMESTAMP COMMENT 'Время создания строки',
  `updated_at` datetime DEFAULT CURRENT_TIMESTAMP ON UPDATE CURRENT_TIMESTAMP COMMENT 'Время обновления строки',
  PRIMARY KEY (`id`)
) ENGINE=InnoDB AUTO_INCREMENT=301 DEFAULT CHARSET=utf8mb4 COLLATE=utf8mb4_0900_ai_ci COMMENT='Медиафайлы';
/*!40101 SET character_set_client = @saved_cs_client */;

--
-- Dumping data for table `media`
--

LOCK TABLES `media` WRITE;
/*!40000 ALTER TABLE `media` DISABLE KEYS */;
INSERT INTO `media` VALUES (1,5,'http://lorempixel.com/600/400/abstract/',7006,NULL,4,'1992-07-08 21:15:58','2020-01-13 08:00:05'),(2,68,'http://lorempixel.com/600/400/abstract/',6158,NULL,1,'1979-12-09 05:03:03','1997-05-26 15:15:51'),(3,6,'http://lorempixel.com/600/400/abstract/',4527,NULL,1,'1988-09-02 21:20:45','1986-09-26 15:26:17'),(4,82,'http://lorempixel.com/600/400/abstract/',2100,NULL,2,'2013-10-25 17:44:10','2006-05-17 10:54:46'),(5,71,'http://lorempixel.com/600/400/abstract/',6636,NULL,1,'2017-12-21 02:14:43','2020-05-30 04:01:07'),(6,84,'http://lorempixel.com/600/400/abstract/',5473,NULL,4,'1994-05-10 22:00:36','1989-10-29 20:40:04'),(7,2,'http://lorempixel.com/600/400/abstract/',7572,NULL,2,'1983-01-13 05:09:26','2017-03-25 13:19:09'),(8,27,'http://lorempixel.com/600/400/abstract/',1824,NULL,1,'1992-10-24 13:16:23','2017-08-21 13:08:00'),(9,79,'http://lorempixel.com/600/400/abstract/',6128,NULL,1,'1984-10-17 00:56:59','1983-04-05 08:35:31'),(10,73,'http://lorempixel.com/600/400/abstract/',2546,NULL,3,'1999-12-30 08:57:38','1994-10-30 11:22:00'),(11,31,'http://lorempixel.com/600/400/abstract/',1998,NULL,1,'1997-01-27 19:34:04','1980-01-25 01:00:59'),(12,23,'http://lorempixel.com/600/400/abstract/',7492,NULL,3,'2014-07-17 06:01:26','1991-11-09 20:16:39'),(13,61,'http://lorempixel.com/600/400/abstract/',1470,NULL,1,'2018-12-28 19:15:46','2016-06-11 00:39:33'),(14,84,'http://lorempixel.com/600/400/abstract/',5628,NULL,1,'2014-12-16 18:23:16','2004-02-01 09:21:19'),(15,85,'http://lorempixel.com/600/400/abstract/',4842,NULL,1,'2009-03-09 05:55:33','2000-03-20 13:58:32'),(16,24,'http://lorempixel.com/600/400/abstract/',4999,NULL,2,'1987-06-28 23:03:57','2003-11-06 07:40:56'),(17,33,'http://lorempixel.com/600/400/abstract/',3166,NULL,2,'1980-05-26 05:42:52','1981-05-29 09:01:29'),(18,14,'http://lorempixel.com/600/400/abstract/',5132,NULL,1,'2013-09-09 10:56:12','1972-11-15 19:25:27'),(19,20,'http://lorempixel.com/600/400/abstract/',3728,NULL,1,'1981-03-19 02:07:22','2016-09-19 08:48:16'),(20,62,'http://lorempixel.com/600/400/abstract/',2899,NULL,4,'1988-08-17 04:40:55','1975-03-10 11:50:16'),(21,20,'http://lorempixel.com/600/400/abstract/',8052,NULL,2,'1995-04-23 07:47:25','2004-02-05 15:49:44'),(22,54,'http://lorempixel.com/600/400/abstract/',2527,NULL,2,'2013-05-12 18:36:46','2016-09-18 03:02:57'),(23,19,'http://lorempixel.com/600/400/abstract/',6071,NULL,4,'1990-10-02 23:35:20','1976-04-14 12:23:18'),(24,66,'http://lorempixel.com/600/400/abstract/',4595,NULL,2,'2007-08-02 20:47:09','1992-12-22 02:01:25'),(25,72,'http://lorempixel.com/600/400/abstract/',6614,NULL,4,'1998-04-10 05:04:51','1993-12-06 04:18:45'),(26,36,'http://lorempixel.com/600/400/abstract/',2198,NULL,1,'1999-01-07 10:24:54','1996-07-09 14:41:17'),(27,37,'http://lorempixel.com/600/400/abstract/',1765,NULL,2,'1972-09-20 22:24:25','2019-09-11 04:47:36'),(28,38,'http://lorempixel.com/600/400/abstract/',3938,NULL,1,'1996-10-20 07:39:30','1983-11-13 23:16:09'),(29,59,'http://lorempixel.com/600/400/abstract/',6827,NULL,2,'2010-01-06 22:12:24','2013-05-13 04:43:23'),(30,93,'http://lorempixel.com/600/400/abstract/',6437,NULL,3,'1976-08-09 12:51:37','1998-02-05 22:23:08'),(31,38,'http://lorempixel.com/600/400/abstract/',7062,NULL,1,'1994-03-31 08:47:17','2008-06-01 08:16:03'),(32,91,'http://lorempixel.com/600/400/abstract/',2463,NULL,3,'2004-10-12 03:09:51','2006-11-15 10:35:51'),(33,22,'http://lorempixel.com/600/400/abstract/',3088,NULL,4,'1984-12-23 12:06:56','1984-02-26 01:15:39'),(34,80,'http://lorempixel.com/600/400/abstract/',9836,NULL,1,'2005-01-18 00:36:24','1992-01-08 10:05:36'),(35,12,'http://lorempixel.com/600/400/abstract/',9330,NULL,4,'2012-08-21 15:57:23','1986-08-27 02:12:20'),(36,82,'http://lorempixel.com/600/400/abstract/',6514,NULL,4,'1999-11-02 20:51:23','1971-09-02 19:52:05'),(37,69,'http://lorempixel.com/600/400/abstract/',4008,NULL,2,'1985-09-03 23:31:10','1986-02-15 12:20:32'),(38,17,'http://lorempixel.com/600/400/abstract/',7757,NULL,1,'2014-03-19 13:02:49','1984-05-02 16:44:00'),(39,58,'http://lorempixel.com/600/400/abstract/',3907,NULL,4,'2006-12-01 16:20:36','1989-05-07 13:35:20'),(40,66,'http://lorempixel.com/600/400/abstract/',9999,NULL,4,'1974-09-02 22:32:15','2003-03-06 16:48:09'),(41,25,'http://lorempixel.com/600/400/abstract/',8430,NULL,1,'2005-12-14 09:36:17','1999-12-08 16:11:53'),(42,8,'http://lorempixel.com/600/400/abstract/',9372,NULL,1,'2013-08-10 20:16:51','2010-08-11 19:05:52'),(43,21,'http://lorempixel.com/600/400/abstract/',8156,NULL,3,'1986-08-14 01:55:03','1999-03-13 20:38:47'),(44,43,'http://lorempixel.com/600/400/abstract/',7258,NULL,3,'2020-02-21 03:27:25','1996-06-29 15:45:19'),(45,48,'http://lorempixel.com/600/400/abstract/',5905,NULL,2,'1991-12-19 04:24:27','2010-02-11 22:48:43'),(46,95,'http://lorempixel.com/600/400/abstract/',4955,NULL,2,'2009-09-22 21:09:48','1977-09-09 04:20:01'),(47,26,'http://lorempixel.com/600/400/abstract/',5485,NULL,1,'1975-10-09 10:23:46','2008-03-22 04:11:23'),(48,75,'http://lorempixel.com/600/400/abstract/',1955,NULL,2,'1985-11-02 07:40:22','1974-12-18 23:52:02'),(49,89,'http://lorempixel.com/600/400/abstract/',9697,NULL,1,'1998-04-09 13:12:00','2005-10-20 07:30:27'),(50,54,'http://lorempixel.com/600/400/abstract/',6872,NULL,1,'2012-08-27 12:31:19','2000-07-26 07:18:45'),(51,30,'http://lorempixel.com/600/400/abstract/',6339,NULL,2,'2008-03-17 19:32:27','2000-07-30 00:32:53'),(52,37,'http://lorempixel.com/600/400/abstract/',1305,NULL,3,'1997-08-11 10:54:46','1986-09-15 16:34:37'),(53,11,'http://lorempixel.com/600/400/abstract/',1211,NULL,3,'1994-11-10 03:09:12','1986-09-26 15:15:29'),(54,98,'http://lorempixel.com/600/400/abstract/',8025,NULL,1,'2011-07-17 14:16:24','1991-03-29 11:01:41'),(55,20,'http://lorempixel.com/600/400/abstract/',6950,NULL,4,'1976-01-13 04:18:27','1997-05-19 16:30:47'),(56,79,'http://lorempixel.com/600/400/abstract/',3705,NULL,4,'1994-10-02 08:08:27','1978-07-19 14:55:04'),(57,47,'http://lorempixel.com/600/400/abstract/',2919,NULL,4,'1999-02-23 13:23:11','1983-05-23 11:22:35'),(58,7,'http://lorempixel.com/600/400/abstract/',3004,NULL,4,'2015-06-25 10:20:07','2019-09-19 16:09:00'),(59,11,'http://lorempixel.com/600/400/abstract/',9566,NULL,3,'2016-01-29 09:45:21','2012-09-16 22:06:58'),(60,74,'http://lorempixel.com/600/400/abstract/',4801,NULL,1,'2008-06-18 07:11:46','1995-10-30 15:48:32'),(61,20,'http://lorempixel.com/600/400/abstract/',4969,NULL,1,'1995-05-09 11:10:20','1983-03-08 10:00:22'),(62,33,'http://lorempixel.com/600/400/abstract/',4024,NULL,2,'1986-05-08 15:16:10','1978-09-07 14:09:23'),(63,85,'http://lorempixel.com/600/400/abstract/',4310,NULL,3,'1973-01-15 19:21:06','1972-06-25 11:37:15'),(64,60,'http://lorempixel.com/600/400/abstract/',1440,NULL,2,'1985-05-03 04:00:27','1983-12-27 12:31:57'),(65,74,'http://lorempixel.com/600/400/abstract/',7864,NULL,4,'1975-06-25 01:16:09','1983-03-16 15:39:15'),(66,70,'http://lorempixel.com/600/400/abstract/',6417,NULL,3,'1991-08-04 15:50:28','1991-01-13 08:02:04'),(67,90,'http://lorempixel.com/600/400/abstract/',7555,NULL,2,'1988-06-24 05:57:26','2008-07-14 20:20:23'),(68,31,'http://lorempixel.com/600/400/abstract/',6287,NULL,1,'1983-10-29 11:25:52','1975-10-24 08:12:39'),(69,67,'http://lorempixel.com/600/400/abstract/',5856,NULL,1,'1997-08-07 11:56:23','2005-03-26 02:16:31'),(70,56,'http://lorempixel.com/600/400/abstract/',8453,NULL,1,'1988-08-20 04:13:32','1988-09-29 21:43:28'),(71,82,'http://lorempixel.com/600/400/abstract/',6248,NULL,1,'1970-03-02 21:29:01','2017-09-08 12:14:12'),(72,56,'http://lorempixel.com/600/400/abstract/',5843,NULL,4,'1999-09-28 00:29:29','1988-04-18 23:40:37'),(73,73,'http://lorempixel.com/600/400/abstract/',7120,NULL,3,'1971-03-07 13:21:11','1995-07-03 05:03:22'),(74,14,'http://lorempixel.com/600/400/abstract/',2719,NULL,4,'2020-07-21 11:06:10','2003-11-08 23:51:48'),(75,99,'http://lorempixel.com/600/400/abstract/',7159,NULL,4,'1992-11-13 08:25:49','2015-01-28 00:55:28'),(76,96,'http://lorempixel.com/600/400/abstract/',8162,NULL,2,'1999-06-02 11:31:21','1976-11-19 12:59:37'),(77,66,'http://lorempixel.com/600/400/abstract/',8709,NULL,2,'1985-10-14 19:15:38','1973-06-29 15:38:21'),(78,74,'http://lorempixel.com/600/400/abstract/',3719,NULL,2,'2017-11-21 01:11:18','2018-08-30 22:12:59'),(79,82,'http://lorempixel.com/600/400/abstract/',8853,NULL,4,'2012-08-05 17:10:25','2000-03-21 11:59:04'),(80,21,'http://lorempixel.com/600/400/abstract/',8173,NULL,3,'1971-01-26 14:18:17','2007-02-13 02:22:13'),(81,57,'http://lorempixel.com/600/400/abstract/',1819,NULL,1,'1978-06-28 09:34:00','1984-11-20 22:23:19'),(82,86,'http://lorempixel.com/600/400/abstract/',2185,NULL,1,'2004-12-23 04:44:18','1983-09-22 21:44:20'),(83,82,'http://lorempixel.com/600/400/abstract/',7789,NULL,1,'1984-07-12 18:49:26','1974-07-05 22:06:28'),(84,11,'http://lorempixel.com/600/400/abstract/',8467,NULL,2,'2004-07-09 23:01:54','1975-05-02 04:06:13'),(85,67,'http://lorempixel.com/600/400/abstract/',3302,NULL,1,'1971-02-16 06:26:25','1977-10-21 19:56:22'),(86,96,'http://lorempixel.com/600/400/abstract/',2214,NULL,4,'2003-02-05 19:00:08','1978-09-20 09:31:22'),(87,62,'http://lorempixel.com/600/400/abstract/',7682,NULL,4,'2018-11-21 11:51:53','1984-04-21 19:12:36'),(88,60,'http://lorempixel.com/600/400/abstract/',6975,NULL,2,'2012-12-12 01:42:49','1980-05-12 13:09:58'),(89,39,'http://lorempixel.com/600/400/abstract/',3297,NULL,4,'1986-03-22 21:29:20','2007-06-12 07:19:26'),(90,50,'http://lorempixel.com/600/400/abstract/',4390,NULL,2,'1971-05-25 13:31:51','1981-08-11 08:09:17'),(91,5,'http://lorempixel.com/600/400/abstract/',2838,NULL,1,'1979-09-06 09:56:27','1975-07-31 22:35:43'),(92,30,'http://lorempixel.com/600/400/abstract/',8687,NULL,4,'1973-11-13 12:35:11','1981-08-01 00:37:06'),(93,2,'http://lorempixel.com/600/400/abstract/',5522,NULL,1,'1986-03-29 02:28:41','1991-08-10 04:41:28'),(94,71,'http://lorempixel.com/600/400/abstract/',3766,NULL,4,'1998-04-03 15:32:42','2007-09-27 20:36:30'),(95,5,'http://lorempixel.com/600/400/abstract/',1950,NULL,2,'2002-07-15 16:06:00','2011-09-16 07:43:09'),(96,82,'http://lorempixel.com/600/400/abstract/',9888,NULL,3,'2015-10-07 13:16:00','1977-05-10 21:54:15'),(97,51,'http://lorempixel.com/600/400/abstract/',5106,NULL,1,'1998-08-15 13:08:52','1984-02-15 19:04:50'),(98,21,'http://lorempixel.com/600/400/abstract/',3262,NULL,1,'1972-03-20 09:52:26','1995-09-17 22:32:10'),(99,70,'http://lorempixel.com/600/400/abstract/',3570,NULL,3,'1996-02-15 02:40:57','1971-12-11 15:41:51'),(100,76,'http://lorempixel.com/600/400/abstract/',6273,NULL,3,'2002-10-04 16:56:43','2017-04-05 23:21:40'),(101,23,'http://lorempixel.com/600/400/abstract/',4968,NULL,3,'2011-01-23 04:13:47','1977-01-30 21:52:21'),(102,6,'http://lorempixel.com/600/400/abstract/',3508,NULL,4,'2011-07-29 08:14:29','1970-04-02 01:02:41'),(103,18,'http://lorempixel.com/600/400/abstract/',2820,NULL,4,'1997-01-30 06:29:43','1997-04-08 02:13:01'),(104,27,'http://lorempixel.com/600/400/abstract/',1532,NULL,2,'1997-07-17 01:16:10','1986-08-04 02:27:46'),(105,24,'http://lorempixel.com/600/400/abstract/',1162,NULL,3,'2005-10-07 10:48:19','2015-05-10 19:19:50'),(106,28,'http://lorempixel.com/600/400/abstract/',7338,NULL,2,'1981-02-13 13:58:15','2016-12-08 04:33:25'),(107,16,'http://lorempixel.com/600/400/abstract/',2372,NULL,1,'2015-11-01 14:45:40','2008-03-14 02:24:21'),(108,15,'http://lorempixel.com/600/400/abstract/',5504,NULL,2,'1980-03-17 10:49:55','2002-10-01 09:15:32'),(109,99,'http://lorempixel.com/600/400/abstract/',6596,NULL,4,'1990-12-06 21:58:49','1999-08-04 00:31:46'),(110,14,'http://lorempixel.com/600/400/abstract/',7655,NULL,1,'2016-11-25 05:58:56','2001-07-11 02:21:46'),(111,32,'http://lorempixel.com/600/400/abstract/',6819,NULL,1,'1999-07-24 02:31:45','1976-10-03 14:13:58'),(112,1,'http://lorempixel.com/600/400/abstract/',5591,NULL,3,'2003-04-12 16:14:30','1998-11-04 04:58:52'),(113,82,'http://lorempixel.com/600/400/abstract/',5187,NULL,1,'1972-03-17 05:12:52','1979-06-07 13:16:40'),(114,20,'http://lorempixel.com/600/400/abstract/',8086,NULL,2,'1976-03-31 00:22:26','1977-02-17 22:24:51'),(115,75,'http://lorempixel.com/600/400/abstract/',9608,NULL,1,'1982-11-05 09:12:38','2018-02-27 21:27:37'),(116,28,'http://lorempixel.com/600/400/abstract/',7704,NULL,2,'2006-05-14 09:40:14','2016-11-15 13:27:29'),(117,15,'http://lorempixel.com/600/400/abstract/',8359,NULL,4,'1990-12-15 11:48:01','2010-05-03 20:16:55'),(118,7,'http://lorempixel.com/600/400/abstract/',9127,NULL,3,'2011-12-30 17:11:50','1986-11-06 07:01:31'),(119,55,'http://lorempixel.com/600/400/abstract/',8726,NULL,3,'1991-08-09 14:19:54','1979-04-22 08:34:25'),(120,19,'http://lorempixel.com/600/400/abstract/',2307,NULL,3,'2011-12-09 00:59:21','1971-12-01 06:49:10'),(121,40,'http://lorempixel.com/600/400/abstract/',7383,NULL,4,'1994-09-27 12:32:09','2005-01-06 17:40:03'),(122,70,'http://lorempixel.com/600/400/abstract/',8533,NULL,1,'1988-10-09 23:43:44','2005-09-13 10:21:26'),(123,8,'http://lorempixel.com/600/400/abstract/',4803,NULL,2,'1996-05-04 21:36:40','2004-12-30 10:22:51'),(124,75,'http://lorempixel.com/600/400/abstract/',2189,NULL,4,'1985-09-10 14:57:56','1971-04-16 16:16:39'),(125,89,'http://lorempixel.com/600/400/abstract/',4080,NULL,4,'1972-01-09 03:30:53','2020-02-04 18:42:02'),(126,71,'http://lorempixel.com/600/400/abstract/',7835,NULL,1,'1988-08-09 09:24:25','1980-08-28 05:17:26'),(127,20,'http://lorempixel.com/600/400/abstract/',7292,NULL,2,'1988-01-26 08:21:49','2010-02-16 23:24:06'),(128,11,'http://lorempixel.com/600/400/abstract/',9477,NULL,1,'1974-06-30 12:52:15','1979-06-28 06:15:55'),(129,50,'http://lorempixel.com/600/400/abstract/',1798,NULL,1,'1990-08-17 03:25:46','1988-02-23 23:14:07'),(130,72,'http://lorempixel.com/600/400/abstract/',6247,NULL,1,'1970-03-14 19:43:00','2016-10-24 22:32:53'),(131,84,'http://lorempixel.com/600/400/abstract/',8400,NULL,3,'2020-07-24 03:59:15','1988-06-04 04:29:58'),(132,27,'http://lorempixel.com/600/400/abstract/',3976,NULL,3,'2006-12-21 11:31:05','2010-11-02 12:49:32'),(133,21,'http://lorempixel.com/600/400/abstract/',2108,NULL,2,'1978-11-03 19:06:13','2016-03-26 10:14:22'),(134,43,'http://lorempixel.com/600/400/abstract/',8223,NULL,4,'1987-12-20 17:34:42','1996-09-24 15:55:07'),(135,67,'http://lorempixel.com/600/400/abstract/',8463,NULL,4,'2015-09-10 23:07:45','2008-04-12 13:33:33'),(136,78,'http://lorempixel.com/600/400/abstract/',5752,NULL,1,'2019-09-25 07:35:34','1999-07-18 15:04:57'),(137,68,'http://lorempixel.com/600/400/abstract/',4376,NULL,1,'2015-11-14 07:27:41','1972-11-24 19:41:09'),(138,75,'http://lorempixel.com/600/400/abstract/',8876,NULL,1,'1984-07-10 16:46:12','1986-10-20 20:07:58'),(139,21,'http://lorempixel.com/600/400/abstract/',3248,NULL,2,'1986-07-05 07:08:17','1986-01-21 09:31:14'),(140,73,'http://lorempixel.com/600/400/abstract/',1526,NULL,1,'1981-08-26 08:50:47','2013-06-02 00:34:31'),(141,55,'http://lorempixel.com/600/400/abstract/',4992,NULL,3,'2020-06-06 08:22:06','1972-08-18 17:46:36'),(142,95,'http://lorempixel.com/600/400/abstract/',4793,NULL,4,'2019-10-17 08:39:00','1982-08-30 18:00:26'),(143,97,'http://lorempixel.com/600/400/abstract/',3693,NULL,2,'1986-11-29 09:46:43','1997-11-19 01:18:08'),(144,68,'http://lorempixel.com/600/400/abstract/',2795,NULL,2,'1971-10-07 03:14:51','2007-10-06 04:50:20'),(145,72,'http://lorempixel.com/600/400/abstract/',1082,NULL,1,'1988-02-15 23:28:53','1986-09-09 09:38:53'),(146,94,'http://lorempixel.com/600/400/abstract/',5045,NULL,2,'2007-07-27 03:57:47','1999-01-16 20:17:00'),(147,59,'http://lorempixel.com/600/400/abstract/',6790,NULL,2,'1976-03-25 20:50:43','1971-03-30 08:08:41'),(148,70,'http://lorempixel.com/600/400/abstract/',7616,NULL,2,'1976-04-02 17:14:37','2007-10-24 04:02:20'),(149,40,'http://lorempixel.com/600/400/abstract/',4844,NULL,3,'2007-05-30 15:28:11','1988-08-23 09:35:58'),(150,62,'http://lorempixel.com/600/400/abstract/',2038,NULL,3,'1973-02-12 01:47:24','1975-09-10 05:23:35'),(151,72,'http://lorempixel.com/600/400/abstract/',7664,NULL,1,'1999-05-12 04:55:02','1988-06-22 23:22:02'),(152,71,'http://lorempixel.com/600/400/abstract/',4649,NULL,1,'1988-07-16 15:42:59','1971-08-17 20:16:26'),(153,55,'http://lorempixel.com/600/400/abstract/',2287,NULL,4,'2000-12-04 11:44:03','1992-03-16 11:37:22'),(154,55,'http://lorempixel.com/600/400/abstract/',8475,NULL,1,'1970-09-11 23:17:35','1985-03-22 12:17:47'),(155,55,'http://lorempixel.com/600/400/abstract/',4223,NULL,4,'1972-05-12 11:21:08','1974-05-14 01:24:22'),(156,60,'http://lorempixel.com/600/400/abstract/',6132,NULL,1,'1977-01-20 15:38:26','2003-02-14 17:46:24'),(157,96,'http://lorempixel.com/600/400/abstract/',1346,NULL,3,'1988-10-03 21:17:50','2015-05-04 19:36:01'),(158,67,'http://lorempixel.com/600/400/abstract/',1633,NULL,1,'1984-02-22 08:17:08','1985-12-10 02:49:15'),(159,91,'http://lorempixel.com/600/400/abstract/',4303,NULL,1,'1972-11-12 11:25:23','2010-02-10 14:27:51'),(160,28,'http://lorempixel.com/600/400/abstract/',1481,NULL,3,'2019-08-03 07:11:17','1990-02-04 17:48:05'),(161,69,'http://lorempixel.com/600/400/abstract/',3987,NULL,3,'1981-10-24 10:08:52','1985-07-02 22:11:52'),(162,64,'http://lorempixel.com/600/400/abstract/',6295,NULL,1,'2010-07-14 00:00:28','1993-10-31 16:02:32'),(163,21,'http://lorempixel.com/600/400/abstract/',5599,NULL,4,'1991-08-18 05:02:38','1983-08-29 22:58:08'),(164,31,'http://lorempixel.com/600/400/abstract/',6879,NULL,1,'1996-04-24 14:51:18','2007-01-07 13:45:31'),(165,43,'http://lorempixel.com/600/400/abstract/',4550,NULL,1,'1985-10-12 09:59:47','1983-11-09 17:06:27'),(166,8,'http://lorempixel.com/600/400/abstract/',5069,NULL,1,'2009-05-18 06:57:15','2005-05-13 04:29:18'),(167,3,'http://lorempixel.com/600/400/abstract/',9745,NULL,1,'1978-11-28 16:30:31','1992-03-07 05:56:10'),(168,29,'http://lorempixel.com/600/400/abstract/',8327,NULL,3,'1977-05-28 10:38:57','2008-12-26 18:32:40'),(169,31,'http://lorempixel.com/600/400/abstract/',5911,NULL,3,'1993-11-24 14:04:22','2016-12-04 01:32:29'),(170,58,'http://lorempixel.com/600/400/abstract/',5286,NULL,1,'1977-10-27 04:18:50','1987-02-18 17:50:25'),(171,5,'http://lorempixel.com/600/400/abstract/',1910,NULL,2,'1999-04-17 05:40:23','2009-07-03 19:17:08'),(172,63,'http://lorempixel.com/600/400/abstract/',2608,NULL,1,'1982-04-20 18:28:09','2009-11-30 01:47:27'),(173,50,'http://lorempixel.com/600/400/abstract/',5918,NULL,4,'2004-05-05 18:21:20','1990-03-25 16:05:44'),(174,69,'http://lorempixel.com/600/400/abstract/',3872,NULL,2,'1996-06-25 01:52:24','1973-04-15 15:34:27'),(175,37,'http://lorempixel.com/600/400/abstract/',5094,NULL,4,'1995-12-17 20:42:04','2012-08-18 01:11:23'),(176,64,'http://lorempixel.com/600/400/abstract/',5162,NULL,1,'2017-09-03 22:09:53','2008-05-12 01:52:19'),(177,98,'http://lorempixel.com/600/400/abstract/',6213,NULL,2,'1974-08-28 12:09:08','1981-10-31 08:15:13'),(178,8,'http://lorempixel.com/600/400/abstract/',6709,NULL,3,'1999-02-23 07:36:14','2013-10-20 09:52:38'),(179,55,'http://lorempixel.com/600/400/abstract/',2682,NULL,3,'1981-08-28 00:52:36','2011-10-14 13:39:41'),(180,94,'http://lorempixel.com/600/400/abstract/',9955,NULL,3,'1987-08-10 04:27:19','2018-08-06 06:07:25'),(181,28,'http://lorempixel.com/600/400/abstract/',9511,NULL,4,'1975-04-19 13:39:01','1985-02-09 09:45:33'),(182,88,'http://lorempixel.com/600/400/abstract/',8818,NULL,3,'1982-01-22 08:02:25','1984-08-02 15:55:01'),(183,66,'http://lorempixel.com/600/400/abstract/',9155,NULL,4,'2018-09-17 07:40:55','2004-05-26 06:03:05'),(184,81,'http://lorempixel.com/600/400/abstract/',1433,NULL,1,'1999-02-28 19:01:19','1994-02-05 17:30:43'),(185,43,'http://lorempixel.com/600/400/abstract/',4151,NULL,4,'1972-05-18 11:45:08','1995-12-11 00:23:42'),(186,47,'http://lorempixel.com/600/400/abstract/',8897,NULL,2,'1987-07-31 11:23:07','2014-04-06 02:33:50'),(187,98,'http://lorempixel.com/600/400/abstract/',2640,NULL,2,'2015-01-31 04:51:52','1975-11-25 19:37:15'),(188,29,'http://lorempixel.com/600/400/abstract/',9040,NULL,3,'1985-04-08 08:34:37','1996-12-07 23:10:24'),(189,37,'http://lorempixel.com/600/400/abstract/',9363,NULL,4,'1974-01-10 01:42:35','1970-05-03 00:19:15'),(190,79,'http://lorempixel.com/600/400/abstract/',6365,NULL,4,'1974-03-28 08:29:08','1975-09-13 12:15:42'),(191,77,'http://lorempixel.com/600/400/abstract/',6482,NULL,4,'1971-05-02 20:21:16','2020-07-26 05:47:37'),(192,45,'http://lorempixel.com/600/400/abstract/',4563,NULL,1,'2020-07-03 20:26:04','1999-09-02 08:52:56'),(193,65,'http://lorempixel.com/600/400/abstract/',3304,NULL,3,'2020-02-11 17:19:17','1992-10-05 02:36:37'),(194,92,'http://lorempixel.com/600/400/abstract/',8030,NULL,4,'2010-07-02 16:45:46','1973-12-09 09:02:13'),(195,39,'http://lorempixel.com/600/400/abstract/',8811,NULL,2,'1997-10-04 05:24:46','1989-04-07 02:53:48'),(196,91,'http://lorempixel.com/600/400/abstract/',1620,NULL,4,'1992-05-08 17:26:56','1999-12-19 05:33:05'),(197,34,'http://lorempixel.com/600/400/abstract/',9079,NULL,2,'2008-03-17 16:54:21','2000-03-16 21:16:00'),(198,43,'http://lorempixel.com/600/400/abstract/',8113,NULL,4,'1993-03-08 11:08:32','1976-08-01 05:50:35'),(199,40,'http://lorempixel.com/600/400/abstract/',5118,NULL,2,'1995-02-16 20:55:04','1983-07-26 15:15:23'),(200,30,'http://lorempixel.com/600/400/abstract/',5365,NULL,2,'1983-03-10 20:27:03','1975-10-24 16:50:28'),(201,79,'http://lorempixel.com/600/400/abstract/',4392,NULL,4,'2006-06-29 19:35:12','1971-11-09 22:52:02'),(202,12,'http://lorempixel.com/600/400/abstract/',7960,NULL,3,'1996-12-20 02:19:26','2009-12-13 07:58:45'),(203,58,'http://lorempixel.com/600/400/abstract/',1653,NULL,3,'1980-07-06 15:24:24','2020-04-21 19:03:54'),(204,55,'http://lorempixel.com/600/400/abstract/',6919,NULL,3,'1980-03-03 07:43:36','1972-12-08 12:46:29'),(205,96,'http://lorempixel.com/600/400/abstract/',3389,NULL,4,'2011-03-14 23:26:30','2004-05-22 08:20:12'),(206,54,'http://lorempixel.com/600/400/abstract/',2463,NULL,3,'1980-11-12 11:19:56','1996-05-02 14:56:25'),(207,38,'http://lorempixel.com/600/400/abstract/',1176,NULL,2,'1987-06-26 10:21:53','1991-01-07 04:11:14'),(208,63,'http://lorempixel.com/600/400/abstract/',6061,NULL,1,'2000-05-28 08:07:13','2000-03-20 00:10:01'),(209,81,'http://lorempixel.com/600/400/abstract/',8400,NULL,3,'1981-06-08 16:02:27','2019-04-09 23:17:14'),(210,46,'http://lorempixel.com/600/400/abstract/',1891,NULL,1,'1973-02-26 12:45:12','1987-12-12 02:18:05'),(211,43,'http://lorempixel.com/600/400/abstract/',6405,NULL,2,'2003-06-13 08:19:47','2001-03-23 16:33:57'),(212,70,'http://lorempixel.com/600/400/abstract/',1288,NULL,1,'1986-07-09 03:06:21','1980-06-07 02:11:39'),(213,60,'http://lorempixel.com/600/400/abstract/',7843,NULL,1,'1997-10-06 09:30:13','2005-09-20 20:10:14'),(214,26,'http://lorempixel.com/600/400/abstract/',7883,NULL,3,'1999-03-21 23:32:00','2012-08-02 15:11:11'),(215,51,'http://lorempixel.com/600/400/abstract/',3830,NULL,1,'1981-05-10 08:37:59','2010-02-09 14:04:50'),(216,76,'http://lorempixel.com/600/400/abstract/',3904,NULL,3,'2006-06-30 16:54:16','1981-07-24 02:05:11'),(217,63,'http://lorempixel.com/600/400/abstract/',9698,NULL,3,'2005-06-30 16:19:42','2013-05-20 23:42:08'),(218,56,'http://lorempixel.com/600/400/abstract/',8043,NULL,2,'2010-06-30 07:23:08','2015-10-16 19:37:31'),(219,5,'http://lorempixel.com/600/400/abstract/',4521,NULL,1,'2013-05-19 17:52:50','1972-10-08 02:48:52'),(220,21,'http://lorempixel.com/600/400/abstract/',4555,NULL,1,'1991-07-24 23:56:08','1972-06-19 12:23:15'),(221,20,'http://lorempixel.com/600/400/abstract/',5136,NULL,1,'1997-05-31 19:44:54','1989-12-13 00:56:54'),(222,96,'http://lorempixel.com/600/400/abstract/',9697,NULL,2,'2010-11-03 19:44:27','2011-09-20 19:57:02'),(223,91,'http://lorempixel.com/600/400/abstract/',6377,NULL,2,'2010-02-09 04:20:46','2008-04-04 09:56:02'),(224,28,'http://lorempixel.com/600/400/abstract/',8637,NULL,1,'2015-01-28 21:44:44','1978-02-12 06:39:44'),(225,31,'http://lorempixel.com/600/400/abstract/',9495,NULL,4,'2011-07-04 01:15:56','2018-10-13 05:22:08'),(226,92,'http://lorempixel.com/600/400/abstract/',1254,NULL,4,'2017-12-17 13:48:28','2012-06-12 11:12:32'),(227,63,'http://lorempixel.com/600/400/abstract/',6328,NULL,3,'1975-08-17 07:30:02','1980-06-16 05:42:59'),(228,12,'http://lorempixel.com/600/400/abstract/',1812,NULL,4,'2017-11-24 22:01:29','2011-06-11 07:52:18'),(229,57,'http://lorempixel.com/600/400/abstract/',4129,NULL,4,'2011-09-20 11:26:40','1985-10-10 14:11:00'),(230,76,'http://lorempixel.com/600/400/abstract/',5919,NULL,4,'2009-06-10 09:59:06','2008-08-08 05:59:04'),(231,32,'http://lorempixel.com/600/400/abstract/',3033,NULL,4,'1987-10-11 06:50:22','2011-09-30 19:53:49'),(232,6,'http://lorempixel.com/600/400/abstract/',8456,NULL,3,'2008-08-11 00:16:48','2014-05-12 05:06:38'),(233,5,'http://lorempixel.com/600/400/abstract/',7529,NULL,3,'1972-12-31 00:48:56','2016-07-04 07:18:25'),(234,25,'http://lorempixel.com/600/400/abstract/',6827,NULL,4,'1983-07-05 07:01:47','1981-11-24 22:55:08'),(235,58,'http://lorempixel.com/600/400/abstract/',9208,NULL,3,'2000-02-28 19:21:11','1975-03-26 07:03:44'),(236,95,'http://lorempixel.com/600/400/abstract/',7986,NULL,3,'1993-09-18 10:33:06','1982-09-05 17:43:41'),(237,87,'http://lorempixel.com/600/400/abstract/',4821,NULL,1,'2004-07-05 03:49:06','2005-12-29 00:17:19'),(238,14,'http://lorempixel.com/600/400/abstract/',8486,NULL,3,'2012-09-03 04:02:46','1986-08-17 23:02:38'),(239,14,'http://lorempixel.com/600/400/abstract/',6941,NULL,4,'1985-04-20 14:57:55','1984-10-31 12:31:15'),(240,9,'http://lorempixel.com/600/400/abstract/',2974,NULL,2,'1997-05-21 01:33:28','1980-07-11 06:54:04'),(241,54,'http://lorempixel.com/600/400/abstract/',6158,NULL,1,'1987-03-18 20:52:23','1975-12-05 09:13:20'),(242,31,'http://lorempixel.com/600/400/abstract/',2052,NULL,3,'1979-02-19 14:23:48','1987-01-27 22:43:25'),(243,13,'http://lorempixel.com/600/400/abstract/',2215,NULL,2,'1979-07-21 09:45:29','2014-12-01 00:29:59'),(244,88,'http://lorempixel.com/600/400/abstract/',3986,NULL,3,'2013-05-28 12:23:00','1972-07-18 05:22:33'),(245,42,'http://lorempixel.com/600/400/abstract/',6472,NULL,4,'2017-12-13 05:15:28','1994-10-31 00:13:39'),(246,26,'http://lorempixel.com/600/400/abstract/',4364,NULL,4,'1987-07-27 19:09:47','1972-01-09 10:15:08'),(247,78,'http://lorempixel.com/600/400/abstract/',6723,NULL,1,'2019-07-23 14:24:32','2002-03-01 08:40:03'),(248,91,'http://lorempixel.com/600/400/abstract/',2123,NULL,2,'1992-01-17 11:32:51','1976-09-21 04:31:32'),(249,62,'http://lorempixel.com/600/400/abstract/',1873,NULL,3,'1992-12-20 03:12:37','1998-02-03 12:14:03'),(250,80,'http://lorempixel.com/600/400/abstract/',9758,NULL,4,'1994-07-20 23:09:19','2011-12-13 05:42:17'),(251,42,'http://lorempixel.com/600/400/abstract/',3522,NULL,2,'1994-08-23 01:26:11','2003-10-27 16:06:57'),(252,60,'http://lorempixel.com/600/400/abstract/',3052,NULL,1,'1993-08-09 14:04:45','1979-02-27 02:49:15'),(253,52,'http://lorempixel.com/600/400/abstract/',9493,NULL,1,'1996-09-27 10:48:05','1995-11-24 07:40:40'),(254,86,'http://lorempixel.com/600/400/abstract/',7426,NULL,4,'1975-07-27 10:24:09','1978-03-19 11:31:41'),(255,94,'http://lorempixel.com/600/400/abstract/',5335,NULL,3,'2009-01-19 04:23:23','2012-09-10 15:30:41'),(256,6,'http://lorempixel.com/600/400/abstract/',5272,NULL,4,'1974-12-15 17:30:56','1984-05-24 20:23:09'),(257,68,'http://lorempixel.com/600/400/abstract/',5629,NULL,2,'1997-06-20 05:24:15','2016-11-22 14:31:32'),(258,2,'http://lorempixel.com/600/400/abstract/',9078,NULL,2,'1991-05-11 12:39:27','2013-11-09 23:16:25'),(259,53,'http://lorempixel.com/600/400/abstract/',1359,NULL,3,'1981-04-25 10:46:09','1979-10-21 13:32:52'),(260,86,'http://lorempixel.com/600/400/abstract/',1027,NULL,4,'1992-05-11 12:05:41','1987-06-27 06:54:21'),(261,33,'http://lorempixel.com/600/400/abstract/',6337,NULL,2,'1982-02-20 03:00:44','2006-10-31 08:48:21'),(262,16,'http://lorempixel.com/600/400/abstract/',5781,NULL,2,'2001-04-02 03:59:37','2003-12-23 20:44:49'),(263,58,'http://lorempixel.com/600/400/abstract/',2929,NULL,4,'1975-03-25 15:51:12','2010-10-18 15:24:08'),(264,33,'http://lorempixel.com/600/400/abstract/',1559,NULL,3,'1981-07-29 13:42:05','1994-11-15 11:36:56'),(265,51,'http://lorempixel.com/600/400/abstract/',2910,NULL,3,'1998-07-15 12:45:58','2000-07-31 13:47:34'),(266,26,'http://lorempixel.com/600/400/abstract/',1983,NULL,2,'2002-05-07 10:03:39','1972-12-30 02:50:14'),(267,81,'http://lorempixel.com/600/400/abstract/',4457,NULL,2,'2017-09-02 08:25:09','1974-09-30 06:18:45'),(268,5,'http://lorempixel.com/600/400/abstract/',8198,NULL,1,'2003-02-25 12:14:41','1996-08-25 01:40:43'),(269,84,'http://lorempixel.com/600/400/abstract/',3420,NULL,1,'1996-11-28 22:24:19','1991-07-28 21:44:34'),(270,10,'http://lorempixel.com/600/400/abstract/',3962,NULL,4,'2016-09-23 17:26:58','1991-02-18 07:13:16'),(271,42,'http://lorempixel.com/600/400/abstract/',5539,NULL,2,'2005-04-29 17:58:41','1972-01-18 14:44:00'),(272,36,'http://lorempixel.com/600/400/abstract/',8449,NULL,3,'2003-12-20 06:26:03','1993-05-01 09:17:36'),(273,75,'http://lorempixel.com/600/400/abstract/',6644,NULL,1,'2020-08-20 12:34:44','1980-01-10 20:30:58'),(274,17,'http://lorempixel.com/600/400/abstract/',5597,NULL,3,'1985-09-17 00:03:25','1971-02-10 16:33:17'),(275,88,'http://lorempixel.com/600/400/abstract/',6089,NULL,3,'2015-04-27 23:58:33','1979-02-03 20:09:50'),(276,18,'http://lorempixel.com/600/400/abstract/',6778,NULL,3,'1987-08-19 20:28:32','2003-08-19 20:10:33'),(277,92,'http://lorempixel.com/600/400/abstract/',1439,NULL,4,'1993-11-10 16:07:35','1975-06-16 06:02:11'),(278,88,'http://lorempixel.com/600/400/abstract/',1598,NULL,4,'2004-01-23 15:34:57','1984-07-19 02:48:57'),(279,46,'http://lorempixel.com/600/400/abstract/',3646,NULL,1,'1994-01-04 17:50:52','1994-04-23 08:40:22'),(280,12,'http://lorempixel.com/600/400/abstract/',6870,NULL,1,'1989-03-13 07:56:02','1976-11-16 06:41:38'),(281,100,'http://lorempixel.com/600/400/abstract/',7121,NULL,3,'2001-03-18 10:45:02','2002-02-16 14:16:48'),(282,28,'http://lorempixel.com/600/400/abstract/',6277,NULL,3,'1974-08-03 08:22:07','1987-05-19 15:16:45'),(283,29,'http://lorempixel.com/600/400/abstract/',5260,NULL,2,'2004-04-14 13:08:52','1999-11-11 00:50:30'),(284,91,'http://lorempixel.com/600/400/abstract/',6431,NULL,3,'2018-02-03 09:04:30','2017-10-15 23:16:30'),(285,31,'http://lorempixel.com/600/400/abstract/',3993,NULL,1,'2000-10-26 12:37:38','1986-10-13 17:47:42'),(286,37,'http://lorempixel.com/600/400/abstract/',8817,NULL,2,'1973-07-22 14:05:33','1988-03-14 17:30:57'),(287,36,'http://lorempixel.com/600/400/abstract/',9838,NULL,2,'2004-10-15 19:31:18','1976-04-08 14:38:22'),(288,35,'http://lorempixel.com/600/400/abstract/',7557,NULL,4,'2007-01-19 20:37:03','2006-01-23 17:11:59'),(289,45,'http://lorempixel.com/600/400/abstract/',7003,NULL,1,'1992-02-11 09:31:49','1991-05-08 14:02:16'),(290,49,'http://lorempixel.com/600/400/abstract/',3955,NULL,1,'1994-02-13 22:02:58','1987-11-13 22:46:50'),(291,1,'http://lorempixel.com/600/400/abstract/',5052,NULL,2,'1974-06-07 03:53:37','2016-08-19 19:22:29'),(292,69,'http://lorempixel.com/600/400/abstract/',2795,NULL,1,'2015-10-07 11:30:09','1980-09-30 00:40:29'),(293,49,'http://lorempixel.com/600/400/abstract/',6352,NULL,1,'2011-01-20 19:22:59','2013-06-25 21:04:41'),(294,51,'http://lorempixel.com/600/400/abstract/',3785,NULL,4,'1993-01-30 23:31:39','1993-03-14 01:51:56'),(295,21,'http://lorempixel.com/600/400/abstract/',9515,NULL,2,'1992-07-01 09:11:46','2008-05-17 17:26:28'),(296,64,'http://lorempixel.com/600/400/abstract/',4366,NULL,4,'2012-03-16 06:01:59','1989-03-21 00:57:30'),(297,77,'http://lorempixel.com/600/400/abstract/',3614,NULL,3,'1993-01-29 16:55:21','1982-11-29 04:12:35'),(298,87,'http://lorempixel.com/600/400/abstract/',5365,NULL,4,'2001-12-31 00:42:16','1998-11-20 23:45:00'),(299,92,'http://lorempixel.com/600/400/abstract/',4140,NULL,2,'2013-12-22 18:15:52','1971-04-28 03:10:05'),(300,94,'http://lorempixel.com/600/400/abstract/',4509,NULL,1,'2006-02-27 07:39:44','2007-05-30 03:17:20');
/*!40000 ALTER TABLE `media` ENABLE KEYS */;
UNLOCK TABLES;

--
-- Table structure for table `media_types`
--

DROP TABLE IF EXISTS `media_types`;
/*!40101 SET @saved_cs_client     = @@character_set_client */;
/*!50503 SET character_set_client = utf8mb4 */;
CREATE TABLE `media_types` (
  `id` int unsigned NOT NULL AUTO_INCREMENT COMMENT 'Идентификатор строки',
  `name` varchar(255) NOT NULL COMMENT 'Название типа',
  `created_at` datetime DEFAULT CURRENT_TIMESTAMP COMMENT 'Время создания строки',
  `updated_at` datetime DEFAULT CURRENT_TIMESTAMP ON UPDATE CURRENT_TIMESTAMP COMMENT 'Время обновления строки',
  PRIMARY KEY (`id`),
  UNIQUE KEY `name` (`name`)
) ENGINE=InnoDB AUTO_INCREMENT=5 DEFAULT CHARSET=utf8mb4 COLLATE=utf8mb4_0900_ai_ci COMMENT='Типы медиафайлов';
/*!40101 SET character_set_client = @saved_cs_client */;

--
-- Dumping data for table `media_types`
--

LOCK TABLES `media_types` WRITE;
/*!40000 ALTER TABLE `media_types` DISABLE KEYS */;
INSERT INTO `media_types` VALUES (1,'Фотография','2014-07-28 13:32:35','2017-06-20 15:15:57'),(2,'Видео','2012-10-27 04:09:24','2016-09-03 07:14:56'),(3,'Презентация','2020-08-23 23:07:53','2010-12-29 11:46:49'),(4,'Таблица','2020-09-08 19:40:55','2020-09-08 19:40:55');
/*!40000 ALTER TABLE `media_types` ENABLE KEYS */;
UNLOCK TABLES;

--
-- Table structure for table `messages`
--

DROP TABLE IF EXISTS `messages`;
/*!40101 SET @saved_cs_client     = @@character_set_client */;
/*!50503 SET character_set_client = utf8mb4 */;
CREATE TABLE `messages` (
  `id` int unsigned NOT NULL AUTO_INCREMENT COMMENT 'Идентификатор строки',
  `from_user_id` int unsigned NOT NULL COMMENT 'Ссылка на отправителя сообщения',
  `to_user_id` int unsigned NOT NULL COMMENT 'Ссылка на получателя сообщения',
  `body` text NOT NULL COMMENT 'Текст сообщения',
  `is_important` tinyint(1) DEFAULT NULL COMMENT 'Признак важности',
  `is_delivered` tinyint(1) DEFAULT NULL COMMENT 'Признак доставки',
  `created_at` datetime DEFAULT CURRENT_TIMESTAMP COMMENT 'Время создания строки',
  `updated_at` datetime DEFAULT CURRENT_TIMESTAMP ON UPDATE CURRENT_TIMESTAMP COMMENT 'Время обновления строки',
  PRIMARY KEY (`id`)
) ENGINE=InnoDB AUTO_INCREMENT=1001 DEFAULT CHARSET=utf8mb4 COLLATE=utf8mb4_0900_ai_ci COMMENT='Сообщения';
/*!40101 SET character_set_client = @saved_cs_client */;

--
-- Dumping data for table `messages`
--

LOCK TABLES `messages` WRITE;
/*!40000 ALTER TABLE `messages` DISABLE KEYS */;
INSERT INTO `messages` VALUES (1,27,68,'Dolorum animi non dolor animi eaque consequatur illo.',0,0,'2010-09-12 18:18:16','2015-12-09 09:39:39'),(2,96,24,'Omnis ipsum cupiditate voluptatem quo pariatur.',1,1,'2017-03-12 13:54:37','2013-01-01 23:14:37'),(3,81,27,'Repellendus est magnam soluta id alias amet.',0,1,'2012-06-28 22:53:04','2015-01-26 01:32:24'),(4,3,33,'Quisquam aut accusantium architecto praesentium.',0,1,'2014-10-19 22:00:48','2016-11-11 01:53:12'),(5,70,43,'Laboriosam non numquam quae dolorem modi vitae sit accusamus.',0,1,'2018-01-15 16:18:28','2019-06-29 15:20:59'),(6,47,45,'Molestiae officiis tenetur deserunt est sapiente quia.',0,1,'2019-11-27 11:39:06','2019-11-22 07:46:43'),(7,60,24,'Eaque dolor voluptatem adipisci distinctio consequatur doloribus.',0,1,'2020-02-10 17:58:21','2017-06-01 11:50:27'),(8,76,81,'Ut expedita id laudantium saepe.',1,1,'2017-02-05 16:50:57','2011-05-08 21:45:48'),(9,30,80,'Ratione quia impedit veritatis architecto quae est nihil.',0,1,'2018-11-12 07:16:52','2012-11-03 12:52:17'),(10,92,51,'Reiciendis esse eum nihil eveniet aspernatur vel minima.',0,1,'2013-06-08 23:04:45','2019-06-24 13:14:58'),(11,46,29,'Minus quis eum ut ut.',0,1,'2014-04-06 21:32:35','2015-09-29 10:21:36'),(12,86,44,'Neque perferendis in soluta ipsum dolores quo non.',0,1,'2019-03-25 03:31:52','2018-09-29 13:04:44'),(13,6,11,'Delectus unde nobis quis inventore.',0,1,'2018-07-21 11:47:29','2017-01-21 21:31:44'),(14,100,85,'Omnis asperiores unde molestiae id praesentium qui.',0,1,'2017-06-18 17:13:37','2015-10-08 23:02:24'),(15,34,64,'Recusandae est eum sed a occaecati dicta.',0,1,'2011-06-08 13:41:23','2016-02-25 08:12:18'),(16,19,65,'Error alias eius enim illo quaerat deleniti.',0,1,'2020-02-28 09:40:25','2018-10-27 13:13:12'),(17,17,33,'Cumque repellat quibusdam dicta ab.',0,1,'2019-03-18 01:54:50','2014-01-05 17:35:44'),(18,94,60,'Est magni vel rerum quaerat optio maiores odio.',0,1,'2018-08-10 10:43:28','2016-08-04 04:34:09'),(19,32,68,'Ipsum pariatur veritatis quia maiores libero.',0,1,'2013-05-10 06:39:42','2015-02-11 22:27:59'),(20,82,62,'Quasi qui veritatis eaque maiores amet.',0,1,'2016-09-13 04:57:59','2019-02-05 08:09:53'),(21,9,66,'Libero perferendis qui quae voluptates rem tempore libero animi.',0,1,'2017-07-15 09:33:08','2013-09-19 03:34:51'),(22,29,56,'Velit sequi minima dicta consequatur est ab laboriosam dignissimos.',0,1,'2012-02-13 23:43:34','2011-08-25 14:00:17'),(23,72,42,'Quia atque consequuntur dolor qui aliquam sapiente exercitationem.',0,1,'2013-03-11 13:23:10','2012-06-28 15:41:03'),(24,37,34,'Quis consequatur beatae modi quis accusamus.',0,1,'2013-08-17 12:26:09','2011-09-12 09:14:58'),(25,59,70,'Magni velit eum nisi incidunt aliquid harum impedit.',0,1,'2020-08-05 16:50:00','2014-05-08 02:17:24'),(26,71,71,'Assumenda dolorem omnis incidunt est illum atque fuga.',0,1,'2017-07-16 13:52:44','2018-09-28 17:34:01'),(27,55,99,'Autem enim distinctio voluptatibus laborum quibusdam natus.',0,1,'2017-03-09 04:21:56','2017-12-11 18:08:07'),(28,71,74,'Ratione ut eum debitis esse nisi eveniet est.',0,1,'2014-11-12 05:51:18','2013-01-03 07:24:56'),(29,80,77,'Possimus velit quibusdam quisquam itaque dolorem excepturi.',0,1,'2016-09-25 23:49:38','2014-08-17 08:29:14'),(30,7,34,'Vel necessitatibus adipisci recusandae.',0,1,'2019-10-27 19:05:59','2012-11-30 00:00:19'),(31,6,80,'Delectus iure vel veniam.',0,1,'2011-05-20 14:55:47','2013-07-12 19:29:25'),(32,36,64,'Facilis qui ad vel animi quasi nesciunt repudiandae sunt.',0,1,'2016-02-19 19:27:44','2017-11-15 10:09:19'),(33,39,46,'Voluptatem qui corrupti ut recusandae sint.',0,1,'2013-10-27 19:12:44','2011-03-23 05:37:22'),(34,40,45,'Fugiat itaque omnis rerum nisi sapiente suscipit fugiat ullam.',0,1,'2011-05-06 14:14:11','2018-10-05 04:21:20'),(35,48,45,'Animi esse impedit omnis perspiciatis dolore at.',1,1,'2017-09-30 11:11:41','2013-02-27 09:07:43'),(36,17,35,'Similique rerum et accusamus est suscipit.',1,1,'2016-08-12 16:32:38','2013-06-20 23:57:20'),(37,95,25,'Porro impedit ut quaerat.',1,1,'2014-03-11 16:59:25','2015-07-03 07:21:48'),(38,61,79,'Aut cumque quasi qui est est.',0,1,'2012-06-13 02:42:28','2017-08-23 18:26:26'),(39,49,46,'Reiciendis cum nam deserunt aspernatur laborum.',0,1,'2014-03-15 21:50:08','2016-01-22 04:43:18'),(40,91,15,'Consequatur similique facilis a perspiciatis maxime.',0,1,'2016-05-31 18:47:30','2013-01-01 13:30:04'),(41,77,37,'Praesentium ut ea rerum aperiam recusandae id voluptatem.',0,1,'2013-02-22 00:43:56','2011-04-17 19:55:22'),(42,10,90,'Repellendus culpa voluptatem ipsum minus cum.',0,1,'2011-11-17 20:18:45','2013-06-04 18:20:40'),(43,88,84,'Cum vel cupiditate ea illum.',1,1,'2018-03-01 23:21:06','2017-06-02 21:10:30'),(44,24,34,'Id veritatis consectetur rem blanditiis.',0,1,'2017-08-06 14:20:39','2013-03-25 00:46:38'),(45,68,19,'Quisquam est suscipit veritatis atque aliquid assumenda.',0,1,'2016-03-26 05:01:22','2018-06-06 14:42:02'),(46,60,21,'Voluptatibus fuga delectus at sed.',0,1,'2012-08-01 01:25:54','2020-02-12 05:44:55'),(47,5,3,'Sequi rerum alias sed vel eaque.',0,1,'2011-02-12 04:32:36','2014-02-09 02:11:10'),(48,98,51,'Accusamus cum expedita ipsum fugiat.',0,1,'2012-02-09 07:55:27','2020-03-06 19:40:01'),(49,91,3,'Dolore harum odio dolorem qui doloremque id reiciendis aut.',0,1,'2015-05-08 17:11:27','2014-01-08 22:06:06'),(50,50,49,'Tempora minus animi temporibus alias assumenda omnis aliquam.',0,1,'2014-11-20 13:34:28','2018-08-26 08:01:09'),(51,2,6,'Dolores optio ut illum eos laudantium eos.',1,1,'2017-12-23 16:21:01','2012-09-08 18:53:28'),(52,41,76,'Culpa id aspernatur vel adipisci ipsa cupiditate sit.',0,1,'2013-04-26 17:11:03','2012-02-29 05:23:24'),(53,77,48,'Eos nisi ea omnis recusandae voluptate inventore.',0,1,'2012-01-16 17:02:22','2019-03-02 18:02:31'),(54,53,70,'Aspernatur eos dolores laborum cumque sit modi.',0,1,'2012-10-15 00:46:40','2019-01-09 04:30:38'),(55,94,72,'Autem amet quae aliquid sequi dicta et sed ipsa.',0,1,'2012-02-12 08:14:08','2016-07-10 19:59:12'),(56,1,34,'Quibusdam libero perferendis repellendus praesentium.',0,1,'2015-01-25 10:56:24','2019-11-20 13:43:53'),(57,6,21,'Inventore ut maiores fuga.',1,1,'2011-07-30 09:05:50','2011-01-11 02:33:41'),(58,92,92,'Non nisi deleniti dolor dolores fuga.',0,1,'2018-11-03 08:43:00','2019-08-01 08:06:22'),(59,44,39,'Culpa facilis enim voluptates hic minus tempore.',1,1,'2018-03-11 07:27:56','2011-10-12 01:11:41'),(60,100,31,'Dolor consectetur in vel quia quibusdam autem maxime.',0,1,'2017-02-24 04:43:14','2014-06-14 12:00:15'),(61,77,95,'Qui atque doloribus voluptas illo esse.',0,1,'2013-10-02 16:37:36','2012-06-06 13:03:05'),(62,42,66,'Cum velit officia laudantium commodi.',0,1,'2017-07-12 01:05:59','2011-11-02 11:33:50'),(63,18,61,'Voluptatem eum placeat libero aut repellat.',1,1,'2015-09-30 07:12:10','2012-03-13 20:51:37'),(64,99,50,'Molestiae consequatur temporibus aspernatur error fugit.',0,1,'2016-10-21 02:45:37','2013-07-10 17:15:15'),(65,76,69,'Aut ab quis in voluptas officia.',0,1,'2015-10-07 18:43:11','2019-09-01 13:40:04'),(66,45,87,'Sunt repellat tempora vero et occaecati.',0,1,'2017-04-28 03:29:24','2016-03-19 09:56:58'),(67,7,66,'Quasi perspiciatis enim eligendi quia doloremque eum nihil.',0,1,'2018-06-02 02:14:54','2013-04-18 18:38:10'),(68,22,3,'Et sapiente est non.',0,1,'2012-08-23 02:18:20','2013-06-30 08:54:39'),(69,53,48,'Esse sint suscipit ut quod.',0,1,'2014-01-07 05:57:15','2020-02-02 05:42:58'),(70,25,85,'Consequuntur voluptas architecto aut esse.',0,1,'2017-06-25 02:32:36','2011-03-18 09:23:24'),(71,47,48,'Dicta accusamus quia est et in.',0,1,'2015-06-17 17:05:04','2019-02-20 10:09:42'),(72,48,99,'Atque commodi beatae aut reprehenderit et facere deleniti.',0,1,'2012-02-26 17:14:09','2010-11-08 16:42:21'),(73,23,77,'Fuga quasi pariatur nostrum quibusdam libero explicabo.',0,1,'2016-09-01 09:43:28','2012-02-19 10:47:42'),(74,20,10,'Aperiam odit corrupti animi pariatur aut tempora harum.',1,1,'2018-10-12 01:13:45','2012-08-10 10:51:49'),(75,13,17,'Est est quis eveniet laboriosam nobis.',0,1,'2019-03-24 00:35:00','2018-08-28 13:52:57'),(76,93,49,'Eos ut quod doloremque similique harum ullam quaerat maxime.',0,0,'2013-07-02 19:20:17','2013-10-05 11:37:07'),(77,64,39,'Deleniti exercitationem consequatur sit dolores iure.',0,1,'2012-07-30 01:52:26','2017-01-15 08:10:27'),(78,79,94,'Atque dolores optio consequatur aspernatur aut repellat delectus.',0,1,'2012-04-24 08:27:58','2011-04-06 09:41:05'),(79,12,21,'Rem velit distinctio laboriosam.',0,1,'2012-07-09 06:51:39','2016-07-24 17:51:56'),(80,18,5,'Sit ipsum qui id fuga corporis.',0,1,'2010-10-30 17:50:02','2017-07-09 09:32:47'),(81,93,52,'Aut perferendis repellat aut minus.',0,1,'2012-07-08 22:41:50','2012-03-08 21:46:39'),(82,26,33,'Placeat recusandae voluptates voluptatem ducimus quasi aliquid odio odit.',0,1,'2010-11-08 14:15:49','2017-12-17 02:25:05'),(83,79,83,'Eum voluptatem nisi cupiditate esse dolorum.',0,1,'2016-05-30 05:24:09','2018-11-10 11:18:08'),(84,22,34,'Sed temporibus vel incidunt reiciendis cum qui eaque quasi.',0,1,'2017-03-09 06:41:15','2014-10-24 00:28:39'),(85,6,9,'Provident placeat odio ut quis eos id.',0,1,'2012-11-10 15:37:25','2018-03-11 06:34:58'),(86,94,38,'Atque debitis molestias cupiditate deleniti facilis blanditiis.',0,1,'2019-02-16 11:10:55','2012-04-24 05:22:32'),(87,24,41,'Cumque dolorem voluptas autem dolore ut animi velit.',0,1,'2019-02-10 06:40:02','2014-10-23 01:16:51'),(88,29,34,'Explicabo molestias quas veniam.',0,1,'2010-12-29 22:37:52','2015-08-09 15:13:52'),(89,37,79,'Similique dolorem non distinctio ut.',0,1,'2015-10-20 23:57:15','2019-08-26 03:14:40'),(90,95,85,'Est dicta nemo ratione.',0,1,'2011-06-26 13:27:29','2018-12-09 16:16:28'),(91,22,9,'Dolorem minima cupiditate quasi vel qui.',0,1,'2016-04-26 09:25:10','2019-12-14 14:55:42'),(92,5,90,'Ipsam numquam aspernatur quasi deserunt saepe qui.',0,1,'2016-07-08 07:19:11','2016-04-04 01:20:29'),(93,42,56,'Odit tenetur qui repellendus perspiciatis occaecati quam voluptatem odit.',0,1,'2017-02-11 06:12:18','2016-05-02 21:50:26'),(94,55,14,'Et fugiat adipisci omnis minima.',0,1,'2017-07-27 21:13:16','2019-10-31 05:33:50'),(95,51,85,'Distinctio ipsum sint quis ipsam velit veritatis adipisci.',0,1,'2015-09-17 03:28:42','2013-07-30 05:36:46'),(96,58,13,'Animi magnam eos et.',0,1,'2011-10-29 05:12:20','2016-01-25 05:37:31'),(97,29,93,'Dolore unde sint aut iusto.',0,1,'2016-08-04 23:19:50','2014-06-22 01:42:23'),(98,22,7,'Laudantium dolorum assumenda dolor ut eum.',0,1,'2015-11-10 03:23:30','2016-01-08 22:56:04'),(99,75,50,'Non qui dolor officiis qui.',0,1,'2011-08-15 06:30:48','2011-12-08 16:07:11'),(100,31,30,'Occaecati aut et quisquam soluta ut minus aperiam.',0,1,'2015-10-12 16:55:46','2014-08-31 13:38:27'),(101,100,21,'Ut earum ut ea quaerat sequi.',0,1,'2016-04-11 18:41:48','2011-07-19 19:48:06'),(102,52,39,'Velit qui officiis aperiam quo ad sed voluptatem eos.',0,1,'2011-07-10 05:09:06','2015-06-17 02:54:14'),(103,14,41,'Iure autem pariatur nihil architecto ut.',0,1,'2017-01-14 08:37:06','2017-10-07 12:14:54'),(104,52,14,'Deserunt eaque ut sed velit dolores sed vero ipsam.',1,1,'2019-05-07 15:11:36','2012-06-01 00:21:09'),(105,98,29,'Eius iste eum quasi eaque.',0,1,'2015-12-27 22:20:00','2014-10-11 19:20:31'),(106,71,33,'Eveniet molestiae nobis eos facere officiis.',0,1,'2017-04-04 17:27:43','2015-04-24 16:06:15'),(107,84,53,'Autem unde qui ipsum et magni provident maiores.',0,1,'2015-05-27 19:58:33','2012-09-30 14:31:57'),(108,5,44,'Quis beatae minus vel id.',0,1,'2018-05-29 17:26:34','2011-06-21 14:16:54'),(109,76,87,'Non aperiam ea voluptate dignissimos eum.',0,1,'2017-01-21 01:37:01','2015-11-27 09:41:10'),(110,30,51,'Autem molestias accusamus autem et voluptatibus non.',0,1,'2019-06-20 05:14:17','2019-01-29 09:52:30'),(111,12,84,'Eum voluptatem odio minus unde eum qui ut.',0,1,'2020-04-22 01:42:05','2010-10-10 00:18:53'),(112,19,94,'Excepturi est laboriosam suscipit ad iure porro recusandae.',0,1,'2017-06-03 15:25:18','2018-01-06 16:48:38'),(113,72,95,'Delectus ut earum ducimus inventore atque a delectus in.',0,1,'2020-04-09 05:26:09','2020-05-17 04:11:19'),(114,88,13,'Nisi delectus molestias similique ab nihil dolorem.',1,1,'2011-04-25 12:37:15','2010-09-25 21:57:22'),(115,68,21,'Animi rerum repudiandae et molestiae et nostrum ratione.',0,1,'2016-08-06 06:31:30','2015-06-26 00:58:28'),(116,33,48,'Neque est eos cupiditate ea voluptatibus voluptatem facilis.',0,1,'2011-02-07 12:35:06','2018-09-04 12:54:17'),(117,68,57,'Consequuntur iusto aut tenetur dicta beatae dicta quasi cupiditate.',0,1,'2014-12-08 12:00:53','2015-03-30 19:43:03'),(118,17,71,'Aut eos est exercitationem totam qui omnis.',0,1,'2014-02-28 23:29:46','2012-03-15 22:54:33'),(119,7,78,'Architecto mollitia voluptas consequatur reprehenderit nobis.',0,1,'2011-04-20 14:16:46','2013-10-29 05:09:18'),(120,20,90,'Dolor nemo ut dolor voluptatibus est fugiat autem.',0,1,'2014-11-08 05:22:00','2012-07-24 08:01:10'),(121,67,4,'Qui amet quia vitae repellendus voluptatem id perferendis.',0,1,'2016-12-20 15:11:41','2013-01-28 07:55:15'),(122,84,37,'Occaecati consequatur odio fuga quia velit.',0,1,'2017-01-29 07:49:09','2014-10-17 14:08:38'),(123,70,72,'Est delectus eos inventore.',0,1,'2018-04-15 23:11:48','2019-02-21 12:12:13'),(124,97,70,'Sapiente modi sit sit quasi.',0,1,'2011-08-19 12:26:49','2010-09-18 18:22:24'),(125,27,34,'Aut illum ut optio provident.',0,1,'2016-07-12 16:38:45','2012-04-16 02:34:07'),(126,83,8,'Asperiores dicta quia qui error consequatur illum.',0,1,'2015-03-22 18:39:44','2017-03-18 14:16:04'),(127,10,65,'Sunt voluptates nihil illum et magnam.',0,1,'2019-12-31 04:26:44','2018-11-05 06:58:22'),(128,36,35,'Sed illo qui explicabo quo laudantium tempore ut tempore.',0,1,'2017-06-14 06:12:08','2013-02-14 14:44:26'),(129,89,80,'Adipisci accusamus non commodi dicta aut ipsum.',0,1,'2016-06-03 21:28:01','2017-03-28 04:29:25'),(130,35,81,'Aut provident dolores aut minus ducimus numquam numquam.',1,1,'2017-05-23 19:09:35','2014-04-03 18:54:13'),(131,35,90,'Recusandae voluptatum ea quas reiciendis.',0,1,'2020-05-28 00:11:48','2012-07-11 10:24:57'),(132,74,90,'Nihil sed hic quia temporibus.',0,1,'2017-09-08 06:52:20','2014-04-01 00:58:40'),(133,100,58,'Sequi minus non et quis.',0,1,'2012-09-11 06:04:56','2016-03-18 21:12:28'),(134,63,12,'Suscipit deserunt aliquam sint ut voluptatum accusamus.',0,1,'2013-02-03 02:02:02','2015-12-09 08:54:09'),(135,52,59,'Voluptatibus omnis omnis nulla.',0,1,'2015-03-07 23:59:08','2013-10-07 10:50:52'),(136,38,49,'Odio perspiciatis expedita corrupti aperiam.',0,1,'2018-01-16 01:45:45','2014-09-05 06:41:13'),(137,97,68,'Fugit facere qui commodi possimus nisi.',0,1,'2013-01-02 00:47:44','2020-04-13 00:18:14'),(138,31,4,'Et et itaque aut exercitationem aliquam aut.',0,1,'2017-12-02 11:05:19','2011-01-25 04:41:04'),(139,20,61,'Et magnam aliquam ut laudantium vitae ut saepe exercitationem.',0,1,'2010-09-22 06:56:39','2014-04-11 07:04:56'),(140,71,38,'Veritatis incidunt aut consequatur dolorum.',0,1,'2019-04-07 04:31:38','2012-09-09 17:09:55'),(141,88,55,'In consectetur unde quo quia ea veniam omnis.',0,1,'2016-11-22 01:22:35','2019-12-06 22:33:15'),(142,93,83,'Quia sunt voluptatibus voluptatem reprehenderit neque placeat.',0,1,'2019-04-25 23:27:40','2016-08-13 16:09:24'),(143,81,17,'Qui facere alias et officia in.',0,1,'2013-01-30 14:29:01','2014-03-19 00:15:10'),(144,49,55,'Aspernatur quasi molestias voluptatem debitis vel incidunt.',1,1,'2014-10-16 17:15:48','2011-09-27 00:31:08'),(145,16,98,'Quasi maxime nihil et et nihil veritatis quia.',0,1,'2013-11-16 17:51:46','2012-07-13 23:33:41'),(146,29,93,'Mollitia nisi dignissimos qui maiores.',0,1,'2015-09-07 15:41:08','2019-09-06 18:34:23'),(147,8,48,'Enim tempore laudantium accusantium placeat.',0,1,'2019-07-10 00:36:10','2018-07-02 14:52:59'),(148,19,22,'Sit ipsam corporis id alias corporis.',0,1,'2014-05-06 11:42:12','2014-07-16 02:28:43'),(149,61,15,'Minima voluptate et incidunt magni necessitatibus.',0,1,'2019-05-10 02:18:01','2018-11-04 02:54:17'),(150,36,48,'Veniam iste dolor quaerat quia temporibus eligendi.',0,1,'2011-08-24 22:37:20','2017-01-17 17:55:47'),(151,47,52,'Et labore sint tempora et.',0,1,'2018-04-26 09:41:16','2014-10-16 02:22:18'),(152,65,8,'Quaerat quia aut molestias illum sunt non.',0,1,'2013-08-28 02:17:33','2011-11-15 15:41:31'),(153,16,60,'Numquam non commodi aperiam sit corrupti.',0,1,'2015-06-08 15:57:22','2010-09-23 23:01:38'),(154,98,9,'Corporis illo nihil ea quo.',0,1,'2012-09-02 09:39:56','2012-08-17 09:40:02'),(155,97,5,'Quo ea quis architecto assumenda asperiores deleniti unde.',0,1,'2012-04-08 00:11:45','2014-07-14 09:46:41'),(156,6,48,'Nisi praesentium in distinctio.',0,1,'2012-04-19 18:59:30','2012-06-29 16:55:51'),(157,49,60,'Necessitatibus nihil in est ut.',0,1,'2011-11-26 15:11:15','2017-05-11 11:18:45'),(158,73,17,'Vero voluptas eveniet et voluptatem eligendi.',0,1,'2016-07-01 10:14:41','2013-03-23 19:34:55'),(159,42,81,'Voluptatem velit illum numquam odit ipsam.',0,1,'2011-12-04 01:16:52','2014-02-19 02:25:33'),(160,23,49,'Et corrupti assumenda omnis ea est.',0,1,'2019-04-12 02:32:04','2018-01-31 20:32:50'),(161,53,95,'Excepturi quis ut quo nam in aliquid.',0,1,'2014-03-27 07:58:05','2012-03-27 13:56:22'),(162,55,55,'Velit eaque et rerum similique corrupti.',0,1,'2019-07-30 20:05:14','2014-08-08 03:44:23'),(163,56,80,'Velit ab illum culpa.',0,1,'2014-12-30 21:20:58','2015-10-26 16:32:11'),(164,7,83,'A earum dolorem amet sint.',0,1,'2018-11-09 14:40:09','2020-02-11 20:23:27'),(165,46,47,'Consequatur ut optio ut assumenda voluptatem rerum.',0,1,'2020-04-29 16:56:05','2013-06-29 10:04:04'),(166,59,28,'Aperiam sint voluptatem at ut sed quaerat.',0,1,'2017-10-21 19:28:39','2019-10-24 11:08:29'),(167,37,47,'Id perferendis impedit error eum et quas ex.',0,1,'2017-04-03 23:15:56','2018-07-03 18:42:59'),(168,78,24,'Perspiciatis itaque soluta quia.',0,1,'2011-11-26 14:24:45','2017-09-06 00:30:55'),(169,48,18,'Praesentium adipisci sit soluta molestias velit enim.',0,1,'2017-12-25 09:45:42','2011-08-03 11:18:13'),(170,39,59,'Accusamus est in id quaerat.',0,0,'2019-08-23 10:35:51','2014-09-12 17:42:07'),(171,64,53,'Et omnis voluptatem facilis et.',0,1,'2011-09-21 12:02:16','2011-04-05 03:00:59'),(172,98,26,'Ea vitae sapiente ut omnis iste ab.',1,1,'2015-03-09 12:32:49','2016-06-15 16:56:02'),(173,87,2,'Non assumenda alias quia nemo non amet.',0,1,'2016-05-06 01:15:51','2013-03-25 18:01:33'),(174,54,51,'Deleniti porro qui occaecati sunt fugiat.',0,1,'2016-05-06 15:24:55','2018-09-28 01:25:05'),(175,96,32,'Esse quas inventore quidem molestias sint.',0,1,'2019-09-24 14:55:14','2017-04-26 13:28:39'),(176,44,84,'Eos similique esse totam.',0,1,'2014-10-28 21:42:53','2015-07-27 03:23:35'),(177,5,47,'Velit vitae ipsum quis sunt facilis a.',0,1,'2014-10-27 22:44:26','2017-02-10 15:03:49'),(178,47,29,'Sed illum fugit nam placeat et quisquam.',0,1,'2020-05-21 22:42:18','2018-08-11 11:59:51'),(179,18,53,'Tenetur est pariatur maiores pariatur.',0,1,'2017-01-18 03:43:29','2019-11-23 20:35:57'),(180,56,32,'Autem aut quam qui modi voluptas facilis.',0,1,'2017-12-28 07:36:57','2014-09-13 15:37:56'),(181,81,25,'Numquam occaecati saepe sunt ut.',0,1,'2019-05-29 23:25:51','2015-09-21 05:44:36'),(182,99,39,'Blanditiis vel fuga autem delectus.',0,1,'2013-05-07 05:00:05','2020-04-05 12:01:19'),(183,67,74,'Consequatur aliquam amet qui ratione corrupti.',0,1,'2016-11-26 15:02:51','2012-04-28 10:02:50'),(184,48,58,'Velit at nihil vel magnam occaecati voluptatem eveniet.',0,1,'2010-09-20 06:39:11','2017-09-13 22:50:38'),(185,48,32,'Voluptatum numquam itaque delectus aspernatur.',0,1,'2018-02-06 22:32:40','2019-11-23 12:16:20'),(186,5,70,'Et accusantium quia quas eos.',0,1,'2019-07-31 00:05:22','2018-03-23 20:26:42'),(187,19,3,'Id officia amet omnis aut qui ea omnis.',0,1,'2014-03-28 19:00:19','2013-04-17 10:14:21'),(188,68,100,'Modi ut eos quia qui ratione et.',0,1,'2014-12-25 21:12:10','2018-05-05 22:32:37'),(189,53,77,'Et et odio et minima et nesciunt quia.',0,1,'2017-06-21 15:10:31','2019-04-16 03:55:33'),(190,54,68,'Necessitatibus vel beatae molestiae dolor fugit debitis sed.',0,1,'2018-11-11 00:42:17','2016-03-17 07:03:19'),(191,41,83,'Alias inventore soluta veniam laudantium quisquam qui aut.',0,1,'2014-01-23 14:05:27','2019-07-17 05:54:12'),(192,89,2,'Reprehenderit ratione blanditiis dicta quo eos quibusdam aut.',0,1,'2011-07-18 05:32:21','2012-03-18 02:16:04'),(193,25,69,'Et et voluptatem sed quo.',1,1,'2017-11-30 00:01:45','2020-05-19 16:50:10'),(194,45,76,'Voluptates illum inventore ea sit ipsum nemo eos.',0,1,'2014-08-12 16:26:50','2011-09-05 22:49:42'),(195,53,53,'Nostrum et sed voluptas illo adipisci.',0,1,'2016-06-18 23:27:40','2015-01-05 18:48:43'),(196,34,17,'Odio beatae et ullam vel accusantium similique esse.',0,1,'2018-09-21 04:27:19','2011-06-17 23:17:41'),(197,14,34,'Praesentium quis quia ut cum vel.',0,1,'2011-06-02 02:16:49','2017-10-25 04:28:58'),(198,28,83,'Necessitatibus unde nihil quod iusto sapiente ut.',0,1,'2018-09-20 00:27:57','2018-07-08 04:37:29'),(199,66,78,'Aperiam dolorem sunt amet voluptatem voluptatem.',0,1,'2012-04-04 23:02:26','2013-11-12 11:41:32'),(200,81,68,'Aliquid inventore quae qui ducimus dolorem voluptas.',0,1,'2012-09-30 02:53:50','2012-11-28 00:05:23'),(201,89,12,'Tempore fugit rerum aliquid non non.',0,1,'2014-03-08 22:49:25','2013-04-13 23:38:36'),(202,60,82,'Cum est repudiandae saepe officia consequatur.',0,1,'2017-03-11 05:44:49','2012-06-04 00:00:14'),(203,58,16,'Vel nisi ut vel recusandae dolor.',0,1,'2012-07-06 19:17:27','2010-09-22 11:03:06'),(204,7,95,'Dolor voluptatem quasi omnis occaecati.',0,1,'2017-07-03 00:20:41','2013-11-15 05:52:35'),(205,59,87,'Vel tenetur voluptatibus nemo incidunt at et.',0,1,'2012-12-20 07:50:49','2013-05-09 11:53:31'),(206,41,23,'In voluptatem voluptatum quo sed.',0,1,'2018-10-17 04:08:10','2012-07-12 05:53:15'),(207,44,95,'Sunt adipisci saepe nihil commodi.',1,1,'2012-05-22 10:27:24','2014-09-28 05:47:18'),(208,85,54,'Ullam aut nemo repellendus magnam sequi.',0,1,'2016-07-29 10:58:34','2013-06-12 09:50:45'),(209,59,66,'Et non quidem ipsam.',0,1,'2018-02-13 10:50:56','2016-12-06 08:03:26'),(210,74,25,'Nemo aut vel qui modi.',0,1,'2016-08-31 21:33:33','2017-01-24 00:38:40'),(211,47,44,'Sit inventore fugiat ipsa voluptatum.',1,1,'2016-11-18 05:09:47','2018-10-03 14:30:09'),(212,74,54,'Quis repudiandae sint voluptatem vero ut.',0,1,'2020-01-31 05:56:26','2017-06-10 16:29:30'),(213,25,54,'Optio quibusdam voluptates laudantium exercitationem.',1,1,'2011-11-12 12:50:54','2014-08-20 12:55:12'),(214,48,8,'Eligendi ipsum ut delectus aut quisquam at.',0,1,'2018-10-13 21:31:09','2012-01-03 10:43:42'),(215,77,100,'Ab omnis non nobis voluptas occaecati omnis.',0,1,'2011-03-27 02:36:24','2020-06-07 23:42:31'),(216,44,1,'Dolorum est quia rerum veritatis nulla.',0,1,'2012-07-27 12:37:24','2017-08-19 15:37:29'),(217,82,89,'Excepturi tempora voluptatibus saepe quae.',1,1,'2015-09-05 21:27:33','2015-10-26 15:34:17'),(218,2,13,'Veniam itaque maxime culpa vitae.',0,1,'2020-01-14 23:26:17','2015-11-03 20:48:31'),(219,58,30,'Cumque ipsum quia nemo dolor iusto omnis.',0,1,'2018-06-18 03:34:02','2011-06-06 07:16:34'),(220,27,19,'Laudantium non sint aperiam eligendi impedit alias eligendi.',0,1,'2020-04-25 16:06:10','2014-07-31 13:46:04'),(221,84,6,'Omnis ipsam ea repellat at.',0,1,'2013-10-07 23:51:12','2016-12-01 19:40:23'),(222,87,42,'In commodi voluptatem placeat accusamus ex ipsum.',0,1,'2011-07-13 23:34:52','2018-04-16 01:59:10'),(223,71,77,'At quae possimus eveniet numquam officia quidem aut.',0,1,'2013-05-08 15:07:40','2010-10-27 04:09:09'),(224,5,1,'Natus ullam aut accusamus provident perspiciatis distinctio aut nobis.',1,1,'2020-05-02 21:40:43','2013-02-26 17:12:26'),(225,50,24,'Alias enim quia aut mollitia voluptatem.',0,1,'2015-10-18 11:25:09','2010-10-21 01:38:58'),(226,50,26,'Atque quae cupiditate quis voluptatem deleniti.',0,1,'2013-07-19 02:07:53','2018-05-26 08:25:55'),(227,46,80,'Consequatur ut sit optio ea.',0,1,'2010-10-19 06:59:52','2010-09-15 13:28:11'),(228,93,100,'Et enim rerum vel consequatur aut alias qui.',0,1,'2019-01-03 14:48:05','2017-10-18 01:19:46'),(229,22,97,'Et autem sed laborum amet vero.',0,1,'2011-04-04 08:26:58','2018-01-23 17:38:09'),(230,95,79,'In magnam doloremque ab.',0,1,'2019-12-15 07:14:42','2014-03-29 09:16:57'),(231,81,100,'Aliquam sed quae qui ut blanditiis ut.',0,1,'2019-09-26 15:46:40','2017-01-17 08:18:05'),(232,90,28,'Dignissimos aut quaerat ex.',0,1,'2016-04-11 09:03:00','2018-12-26 06:35:33'),(233,9,78,'Quia qui optio nesciunt eum dolores soluta.',0,1,'2014-07-19 17:20:04','2011-08-11 20:00:10'),(234,12,61,'Sed et et perferendis voluptatem atque perferendis blanditiis.',0,1,'2017-11-07 16:47:52','2019-03-01 12:22:25'),(235,3,41,'Iste dolorum tempora ut facere.',0,1,'2017-02-05 12:13:17','2017-01-29 06:20:13'),(236,50,14,'Eum ad dolore quaerat natus.',0,1,'2018-05-07 02:40:11','2013-01-09 14:06:57'),(237,78,18,'Perspiciatis ipsum nulla quo fugiat et distinctio minus et.',0,1,'2014-08-03 20:58:46','2012-03-28 06:22:23'),(238,43,10,'Quae quia eum dolore quaerat quaerat tempore.',0,1,'2013-12-10 20:04:56','2014-04-20 21:41:23'),(239,66,95,'Consequatur voluptate alias quae quo aut et.',0,1,'2014-05-09 15:10:11','2018-09-01 21:49:32'),(240,87,44,'Aut ut quas accusamus aut.',1,1,'2019-07-21 02:56:05','2019-07-28 06:44:46'),(241,48,10,'Et molestias expedita praesentium consequuntur est.',0,1,'2017-06-21 00:59:12','2012-10-06 20:59:02'),(242,4,18,'Aut at aut voluptates ut totam et fugiat libero.',1,1,'2016-02-05 06:54:28','2017-07-27 02:07:54'),(243,54,52,'Nulla a sunt laboriosam ut in eum.',0,1,'2015-05-22 16:01:30','2017-10-02 02:55:12'),(244,62,100,'Repellat veniam consequatur aut impedit commodi est adipisci.',0,1,'2012-08-17 12:42:08','2017-05-29 22:50:30'),(245,60,89,'Cupiditate vero ipsum maiores consequatur iure est occaecati.',1,1,'2018-03-12 15:59:50','2017-02-05 16:17:14'),(246,35,15,'Quasi ipsum eveniet et atque accusantium.',0,1,'2017-03-13 10:10:45','2011-06-07 20:00:39'),(247,48,17,'Est est dolor quo inventore atque placeat.',0,1,'2012-06-20 10:25:17','2020-05-04 05:49:43'),(248,94,4,'Velit omnis ex rerum et sapiente dolores.',0,1,'2015-10-21 15:27:20','2016-10-07 05:14:36'),(249,32,75,'Nisi non animi ab qui.',0,1,'2016-12-07 07:49:12','2019-11-01 10:44:49'),(250,5,73,'Nam doloribus magnam consectetur et consequatur.',0,1,'2017-05-30 10:49:40','2020-04-07 12:45:58'),(251,14,2,'Ea quisquam in ex.',0,1,'2010-11-16 08:33:59','2020-06-14 05:21:37'),(252,1,48,'Illum voluptas voluptatem et et vitae.',0,1,'2017-02-21 03:49:04','2020-06-28 14:07:33'),(253,79,30,'Ut omnis neque magnam dolores eos numquam quidem.',1,1,'2013-04-18 21:11:28','2016-07-09 11:56:14'),(254,7,23,'Similique sit rem debitis illo laborum et iusto.',0,1,'2015-01-09 17:03:20','2018-09-09 02:00:54'),(255,20,62,'Aut voluptatem occaecati qui accusantium illum officiis voluptatem.',0,1,'2020-08-28 05:43:33','2017-11-21 09:48:43'),(256,67,86,'Ullam provident cum repellendus porro mollitia error.',0,1,'2017-01-30 16:08:27','2016-05-28 00:47:40'),(257,39,19,'Laudantium ad voluptatem ut rerum aliquam est natus non.',0,1,'2017-02-01 17:23:45','2013-05-13 18:12:10'),(258,70,26,'Illo accusantium accusantium non ipsa.',1,1,'2012-03-09 09:47:07','2010-11-10 02:14:35'),(259,77,51,'Labore laborum commodi consequatur dignissimos id veritatis.',0,1,'2019-12-04 11:21:42','2013-02-09 17:08:06'),(260,4,70,'Animi voluptatum voluptatem tenetur unde qui.',0,1,'2019-05-10 02:22:40','2015-04-02 01:54:06'),(261,99,83,'Delectus velit eum id soluta molestiae inventore recusandae.',0,1,'2016-04-18 00:10:07','2017-01-09 15:13:43'),(262,31,16,'Consequuntur harum nulla et.',0,1,'2014-02-12 12:37:17','2016-02-17 04:05:37'),(263,19,8,'Sit voluptates dignissimos quo libero ut veritatis.',0,1,'2019-10-02 01:42:51','2020-03-31 13:36:01'),(264,18,87,'Sed quis reiciendis eius quisquam amet.',0,0,'2014-03-03 10:36:19','2011-12-29 00:44:19'),(265,38,27,'Exercitationem alias veniam explicabo qui.',0,1,'2015-11-05 09:13:09','2015-10-27 23:17:27'),(266,94,54,'Ducimus aut molestiae est dolores delectus aut.',0,1,'2020-08-25 01:41:30','2014-05-23 01:07:32'),(267,24,36,'Quas eligendi necessitatibus et nihil sint mollitia maxime.',0,1,'2018-03-22 22:49:51','2014-04-21 15:50:44'),(268,27,12,'Expedita iste excepturi sit et est est.',0,1,'2015-01-17 09:18:13','2011-02-08 02:15:05'),(269,91,57,'Error commodi ab rem qui.',0,1,'2013-01-07 06:55:18','2014-06-27 19:17:46'),(270,34,4,'Tempore ut laborum dolor vero cumque id aspernatur.',0,1,'2017-12-17 04:19:55','2013-02-01 20:40:36'),(271,55,53,'Et praesentium possimus quia eaque earum exercitationem voluptatem.',0,1,'2016-01-12 15:39:30','2014-04-08 22:46:14'),(272,31,37,'Ipsa rem necessitatibus nemo optio.',0,1,'2016-11-06 10:07:14','2014-07-11 09:06:46'),(273,62,48,'Ut facere suscipit culpa repellendus in.',0,1,'2015-09-23 21:51:42','2019-10-24 10:13:03'),(274,27,43,'Porro ea ut ut perferendis.',0,1,'2020-03-29 13:18:20','2018-01-18 15:08:58'),(275,62,28,'Dolor dolorem excepturi est incidunt illo aut.',0,1,'2014-07-20 05:32:08','2019-08-10 07:45:40'),(276,84,67,'Eum sint aut harum qui.',0,1,'2011-07-02 00:57:19','2017-04-11 22:11:35'),(277,95,31,'Dolor quasi voluptatem voluptatem occaecati corporis explicabo aut aliquid.',0,1,'2018-04-10 12:02:54','2020-03-23 19:47:21'),(278,74,97,'Rerum dicta dolores ratione quaerat ad labore.',0,1,'2018-12-29 18:10:38','2012-01-30 03:40:35'),(279,70,83,'Culpa cupiditate dolorum cupiditate non quis.',0,1,'2020-03-25 09:31:16','2014-04-18 21:30:20'),(280,54,88,'Et molestias velit sequi id totam commodi.',0,1,'2014-04-13 17:19:28','2017-12-13 12:09:27'),(281,30,89,'Totam laudantium totam tempore praesentium itaque.',1,1,'2017-08-23 21:53:41','2014-07-07 21:41:10'),(282,71,6,'Velit quis commodi iusto veniam.',0,1,'2018-03-03 02:22:07','2015-11-13 06:59:59'),(283,34,38,'Voluptatum distinctio deserunt inventore modi consectetur rerum.',1,1,'2013-06-12 19:56:53','2013-11-17 23:01:18'),(284,62,9,'Omnis qui rerum qui ut.',0,1,'2011-12-08 11:11:47','2017-03-03 09:48:14'),(285,68,70,'Itaque aut illo sequi voluptate harum aliquam quia eius.',0,1,'2019-08-03 02:52:40','2018-09-18 06:43:32'),(286,25,31,'Iusto consequatur aut rerum consequatur non.',0,1,'2019-09-06 12:23:37','2011-07-25 05:43:52'),(287,39,7,'Rerum omnis eos mollitia qui est.',0,1,'2013-05-30 09:33:23','2016-07-11 02:59:02'),(288,20,98,'Totam vel aut sequi et.',0,1,'2016-08-06 09:19:41','2018-07-07 13:14:16'),(289,18,12,'Consequatur aut modi praesentium deleniti vero aut.',0,1,'2011-10-31 19:53:57','2019-03-20 08:15:23'),(290,58,75,'Et vero vero quod sapiente omnis adipisci ut.',0,1,'2019-02-07 13:04:12','2014-07-06 00:49:14'),(291,78,3,'Voluptate ea est dolores eos suscipit.',0,1,'2018-10-12 22:07:54','2019-08-30 08:43:57'),(292,24,62,'Est est accusantium beatae rerum.',0,1,'2015-09-18 03:53:59','2011-01-14 10:22:33'),(293,45,12,'Iste minima dolore provident et sit odit ut.',0,1,'2016-06-05 06:35:23','2013-08-02 04:36:19'),(294,21,5,'Ex vero tempora qui.',0,1,'2011-09-04 05:53:41','2016-04-16 23:43:44'),(295,96,22,'Dolore quo amet asperiores quis.',0,1,'2013-02-22 05:35:03','2016-09-02 06:56:33'),(296,15,19,'Enim facere eum est incidunt recusandae eum.',0,1,'2011-06-20 08:36:25','2012-04-09 19:29:39'),(297,63,20,'Quibusdam non ex provident nesciunt molestias odio consequatur quia.',0,1,'2016-10-06 01:16:47','2017-01-07 02:19:09'),(298,43,11,'Minima molestias nostrum voluptatem eligendi.',0,1,'2017-11-21 05:06:49','2019-02-14 21:48:16'),(299,52,99,'Qui error est ut voluptatem dignissimos sed.',0,1,'2011-08-27 23:56:45','2017-08-22 21:25:50'),(300,1,43,'Qui alias exercitationem veniam vero deleniti asperiores sunt dicta.',1,1,'2015-06-03 15:59:12','2014-05-13 16:18:15'),(301,41,86,'Dolores quaerat facere vitae aut.',0,1,'2010-10-19 07:30:03','2019-02-12 06:46:16'),(302,10,43,'Similique rem tenetur aut a ut quia.',0,1,'2017-01-07 01:57:48','2015-09-02 18:10:14'),(303,53,26,'Aut odio eveniet ducimus molestias adipisci.',0,1,'2016-06-17 04:53:43','2011-09-11 03:17:11'),(304,82,97,'Praesentium libero iure expedita eius.',0,1,'2014-01-31 00:36:00','2015-06-09 07:48:46'),(305,40,11,'Doloremque necessitatibus aut molestiae ut velit ipsa.',0,1,'2018-07-22 19:15:57','2011-10-28 02:36:02'),(306,83,51,'Soluta alias neque ab qui officia vero doloremque.',0,1,'2015-09-28 06:04:54','2016-07-14 04:48:04'),(307,56,35,'Vitae accusamus qui hic ratione sunt et.',0,1,'2016-06-03 07:05:32','2015-05-11 09:13:04'),(308,23,61,'Qui non non neque hic.',0,1,'2020-02-09 03:15:02','2017-11-20 03:41:55'),(309,49,29,'Voluptatem assumenda molestias repellat sint sed.',0,1,'2011-07-14 11:32:40','2015-01-12 16:07:27'),(310,46,22,'Laborum reprehenderit et voluptatem voluptate.',1,1,'2017-10-16 18:52:59','2015-08-12 09:47:45'),(311,57,44,'Dolores minima id exercitationem aut.',0,1,'2011-11-21 02:46:12','2011-08-13 19:12:59'),(312,24,91,'Magnam nesciunt ut nemo.',0,1,'2010-12-06 06:05:30','2013-09-11 16:23:11'),(313,75,75,'Cumque quis odit voluptate.',0,0,'2018-06-27 16:32:40','2015-07-01 11:31:21'),(314,78,51,'Vel placeat aliquam blanditiis dolor.',0,1,'2011-09-24 19:42:34','2012-03-05 11:42:37'),(315,72,30,'Culpa labore quas doloribus.',0,1,'2019-03-02 04:27:34','2016-09-21 19:44:28'),(316,22,9,'Et vel autem vero eum.',0,1,'2019-11-09 07:28:19','2010-12-10 23:31:51'),(317,59,64,'Voluptates est atque ea magni.',0,1,'2012-09-22 10:54:54','2012-08-16 05:10:27'),(318,59,43,'Id fuga rerum voluptas architecto.',0,1,'2010-11-10 19:06:12','2020-03-21 12:13:20'),(319,55,100,'Qui ab qui sit sint facilis voluptatem temporibus.',0,1,'2010-10-14 18:59:00','2012-12-19 23:10:35'),(320,39,48,'Repudiandae nam nulla libero officiis magnam fuga repellendus officiis.',0,1,'2013-09-20 02:16:57','2012-07-29 03:04:32'),(321,4,77,'Et numquam beatae expedita nihil.',0,1,'2015-06-14 12:55:53','2019-12-07 14:07:08'),(322,58,18,'Non alias nostrum nisi ea est.',0,1,'2013-09-26 06:31:39','2019-09-27 10:42:57'),(323,43,87,'Dolorum ut eum qui quia nobis iusto.',0,1,'2011-05-23 14:20:03','2014-11-27 03:38:54'),(324,92,99,'In iusto nesciunt reprehenderit quibusdam.',0,1,'2010-11-12 00:55:59','2010-11-16 11:50:42'),(325,96,33,'Voluptatibus nihil magnam sed magni veritatis expedita maiores libero.',1,1,'2017-12-08 22:13:14','2012-09-14 00:04:00'),(326,37,23,'Commodi minima sed ut placeat.',0,1,'2014-10-02 21:41:39','2016-02-03 00:19:05'),(327,5,42,'Minima ab harum unde et.',0,1,'2018-04-17 08:33:58','2012-05-17 07:48:11'),(328,35,30,'Eum similique ea eligendi.',0,1,'2019-10-07 06:37:37','2018-05-12 10:45:30'),(329,36,52,'Libero odio veritatis et ut animi facere velit.',0,1,'2014-09-13 20:27:56','2011-04-13 07:22:00'),(330,80,84,'Magni quo voluptatem et eveniet.',0,1,'2019-09-26 09:09:30','2015-04-25 18:36:50'),(331,91,42,'Ex id qui et et aliquam.',0,1,'2016-11-10 01:39:29','2016-02-08 12:48:56'),(332,76,61,'Atque est et necessitatibus ut.',0,1,'2011-08-14 10:15:59','2011-04-07 20:38:31'),(333,13,68,'Nisi sit sint corrupti quaerat ratione nesciunt corporis.',0,1,'2012-07-28 21:54:59','2019-05-01 23:11:03'),(334,78,97,'Molestiae harum architecto eligendi voluptatem.',0,1,'2020-05-07 23:34:26','2013-07-02 12:49:43'),(335,42,75,'Praesentium ipsam et consequatur accusamus.',0,1,'2020-06-02 15:14:32','2017-05-23 19:45:06'),(336,53,52,'Eligendi praesentium reiciendis delectus totam blanditiis.',0,1,'2014-05-25 16:34:31','2016-06-15 16:22:24'),(337,85,28,'Aspernatur corrupti quaerat tempore fugit.',0,1,'2011-10-23 13:00:16','2016-05-11 07:38:53'),(338,63,97,'Dignissimos error cupiditate assumenda quo error.',0,1,'2019-05-28 21:32:12','2018-12-13 01:55:24'),(339,83,57,'Quidem ut dolorum aut quia est.',0,1,'2016-09-13 14:40:56','2018-01-24 17:49:43'),(340,79,27,'Voluptas et sunt rerum.',0,1,'2018-06-24 16:02:46','2012-05-24 12:33:22'),(341,67,29,'Officia tempora ut ipsam reiciendis quia omnis ex.',0,1,'2018-11-24 06:36:00','2019-10-07 21:24:35'),(342,43,21,'Deleniti consequatur minima facilis facilis voluptas.',0,1,'2012-05-12 13:11:24','2018-01-18 21:40:20'),(343,95,34,'Consectetur maiores ipsa quia dolores et sit.',1,1,'2017-07-16 09:08:28','2011-03-09 09:26:18'),(344,76,17,'Ducimus et praesentium necessitatibus officiis beatae omnis nisi vitae.',1,1,'2015-01-21 10:01:11','2014-03-15 20:47:32'),(345,40,89,'Repellat ut voluptatibus dolorem sit quam voluptatum.',0,0,'2015-09-11 00:18:49','2016-07-05 03:06:43'),(346,39,20,'Ex at itaque natus id.',0,1,'2012-11-24 19:47:28','2017-02-15 00:46:38'),(347,64,15,'Quidem autem sunt nobis quae.',0,1,'2017-09-25 07:02:02','2017-08-23 22:58:31'),(348,74,27,'Aperiam ut praesentium debitis aliquam et est dolores.',0,1,'2014-01-31 00:12:37','2012-08-26 22:28:42'),(349,35,75,'Placeat similique accusantium numquam praesentium deleniti atque.',0,1,'2019-10-17 16:05:40','2016-11-17 00:00:10'),(350,99,38,'Enim reprehenderit et perspiciatis natus.',0,1,'2012-08-05 08:51:46','2020-02-24 15:31:45'),(351,54,39,'A facilis optio dolor accusamus id et.',0,1,'2013-05-26 05:20:50','2013-04-01 12:30:46'),(352,57,34,'Error non omnis tenetur facilis quas.',0,1,'2011-04-19 20:39:22','2019-03-29 01:38:23'),(353,63,5,'Nihil alias officia perspiciatis excepturi sit dolorem cum.',0,1,'2019-05-24 14:30:56','2016-07-15 23:08:21'),(354,34,60,'Autem molestiae ex in voluptas ut repellat.',0,1,'2011-11-17 00:38:40','2019-08-04 05:01:35'),(355,86,95,'Qui magni beatae quis aut ea voluptates corporis.',1,1,'2019-07-26 16:26:23','2011-11-12 07:03:34'),(356,29,94,'Et mollitia tempora perspiciatis maiores quis et sed.',0,1,'2014-10-19 10:41:42','2014-09-17 07:35:26'),(357,81,56,'Odio veniam voluptas numquam laudantium quam autem ad.',0,1,'2016-04-29 02:07:48','2018-08-11 01:37:07'),(358,38,42,'Tempore velit sed non non.',0,1,'2017-11-16 06:09:59','2013-07-17 03:18:54'),(359,81,40,'Quis numquam neque accusamus qui optio eaque.',0,1,'2010-10-31 17:54:18','2014-11-16 16:32:53'),(360,70,48,'Aspernatur non ipsam aut aut aliquid et quis.',0,1,'2011-08-29 20:43:25','2010-10-31 06:35:43'),(361,90,40,'Voluptates doloremque quo quas amet fugiat ex.',0,1,'2014-03-17 23:52:16','2015-06-28 02:51:32'),(362,71,78,'Rerum a distinctio voluptas saepe consectetur.',0,1,'2017-04-16 14:03:48','2013-03-13 18:23:18'),(363,48,31,'Inventore porro iusto voluptatum nam odit cum.',0,1,'2020-08-12 08:13:24','2014-05-17 07:42:50'),(364,92,60,'Et ut perferendis qui quo amet aliquam.',0,1,'2016-09-02 11:32:49','2018-06-25 09:26:35'),(365,52,76,'Et rem nam ipsum repellendus.',0,1,'2013-09-18 03:44:18','2020-06-17 10:08:40'),(366,66,21,'Quia aliquam modi perspiciatis a laboriosam.',0,1,'2012-01-29 22:11:14','2018-09-18 01:38:58'),(367,54,81,'Quos quae laboriosam ipsa ad incidunt unde ut est.',0,1,'2011-11-09 17:46:25','2014-02-15 06:45:28'),(368,61,54,'Rerum cupiditate aut nihil soluta enim sequi eum hic.',0,1,'2019-09-13 03:17:56','2011-09-23 09:04:20'),(369,98,63,'Quia ut culpa eius adipisci non veritatis eos praesentium.',1,1,'2012-02-16 13:27:44','2017-02-13 02:09:19'),(370,71,37,'Voluptatem quia nisi dolorem enim impedit quas quia veritatis.',0,1,'2013-09-18 19:03:59','2018-02-16 12:08:29'),(371,18,34,'Fuga perferendis aut sapiente quisquam eos aut.',0,1,'2018-03-23 00:43:47','2020-09-02 02:04:21'),(372,62,13,'Occaecati officia iusto quia.',0,1,'2020-08-12 23:33:29','2018-03-13 07:41:11'),(373,32,86,'Et quia sed quas ea.',0,1,'2016-06-20 19:18:13','2013-04-04 21:33:31'),(374,100,13,'Doloremque sunt et et distinctio.',0,1,'2017-02-14 07:06:33','2019-10-08 21:22:10'),(375,75,40,'Molestias incidunt veritatis reiciendis voluptatem veritatis qui nisi.',0,1,'2016-06-06 05:03:04','2019-10-15 21:15:33'),(376,43,39,'Sed aut delectus mollitia officia provident et est quos.',1,1,'2011-03-21 12:16:21','2015-07-03 14:08:04'),(377,6,45,'Rem autem sit tempore velit et odio.',0,1,'2019-02-10 10:26:32','2012-07-21 07:09:23'),(378,9,41,'Fugit modi consequatur voluptatem qui.',0,1,'2018-08-31 01:29:12','2016-05-18 17:29:30'),(379,20,18,'Sunt dolorum adipisci autem dolor.',0,1,'2012-10-05 17:57:27','2018-06-02 21:56:22'),(380,50,28,'Quibusdam et praesentium est sapiente.',0,1,'2019-06-13 05:21:02','2011-08-11 16:44:00'),(381,7,93,'Nihil et perferendis in magni quia aut consequatur temporibus.',1,1,'2010-10-05 05:09:05','2018-01-04 09:42:54'),(382,30,15,'Tempora similique enim omnis labore maiores rem in dolores.',0,1,'2012-04-16 05:30:27','2014-05-17 03:28:56'),(383,53,33,'Fugiat consequuntur tenetur iure.',0,1,'2015-09-22 13:20:50','2019-09-27 00:06:44'),(384,17,59,'Voluptatem sed eligendi in soluta corrupti sed.',0,1,'2013-10-13 05:21:00','2018-02-22 18:07:31'),(385,87,33,'Est cum nihil asperiores quaerat unde enim modi.',1,1,'2017-09-23 14:17:30','2010-10-13 04:33:32'),(386,7,28,'Repellendus illum unde quia qui non asperiores impedit.',0,1,'2016-01-09 19:47:33','2013-03-26 12:15:01'),(387,73,56,'Possimus voluptatibus corrupti consequatur fugiat eveniet exercitationem.',0,1,'2014-11-29 23:07:50','2016-06-18 16:16:45'),(388,50,100,'Sed est quod accusantium dolor temporibus dolore velit.',0,1,'2014-05-19 17:43:33','2014-07-14 20:26:11'),(389,63,54,'Enim reiciendis harum veniam est.',0,1,'2019-01-10 20:50:20','2017-02-17 13:12:10'),(390,74,90,'Quae consequatur magnam ipsa praesentium quibusdam.',0,1,'2015-08-30 11:21:51','2018-09-25 08:52:18'),(391,89,66,'Eveniet neque dicta totam et temporibus accusamus sint.',0,1,'2015-04-20 17:52:58','2020-03-25 22:11:05'),(392,70,91,'Nemo harum perspiciatis saepe omnis numquam ratione.',0,1,'2015-07-26 00:20:10','2013-08-28 19:37:37'),(393,13,78,'Est rem aliquid deleniti itaque.',0,1,'2020-02-15 06:19:40','2013-12-18 22:35:20'),(394,56,7,'Dicta molestias blanditiis reprehenderit doloremque.',0,1,'2020-06-06 14:07:49','2011-03-09 18:04:53'),(395,4,78,'Non aut sit repellat commodi sit.',0,1,'2018-01-15 07:14:52','2019-06-25 07:10:46'),(396,37,58,'Ea et eius consequatur rerum quia eum dolorum.',0,1,'2014-08-14 20:38:42','2015-01-05 23:48:09'),(397,17,7,'Officia rem officiis laborum error ipsam sit quam.',0,1,'2013-06-04 04:51:57','2013-11-21 09:20:59'),(398,62,96,'Eum sed quae id consequatur voluptas perferendis.',0,1,'2016-03-04 06:42:35','2017-04-14 10:10:39'),(399,71,43,'Repellat non molestias velit minus excepturi qui aperiam.',0,1,'2014-09-03 02:42:55','2017-03-05 16:12:42'),(400,46,92,'Quia quo quos adipisci et deleniti accusantium sit quaerat.',1,1,'2017-03-24 02:36:47','2014-01-17 22:39:43'),(401,23,79,'Et totam eligendi repudiandae non est.',0,1,'2020-07-29 04:33:18','2011-07-13 20:55:27'),(402,32,85,'Harum enim similique velit hic.',0,1,'2011-01-23 04:40:21','2014-08-09 10:37:48'),(403,80,75,'Vitae quia sequi ad qui est.',0,1,'2010-12-15 12:26:44','2014-01-29 14:30:24'),(404,13,36,'Sed aut delectus labore vero repudiandae quisquam veritatis.',0,1,'2012-02-24 22:25:31','2014-09-07 02:23:23'),(405,75,2,'Voluptatem quis ut eos laudantium illo facere suscipit assumenda.',0,1,'2014-08-22 09:44:25','2014-11-27 00:24:36'),(406,99,25,'Temporibus dolores ut ut ea voluptatem.',0,1,'2013-12-19 20:28:46','2017-05-01 15:49:46'),(407,13,75,'Dolore iusto minima impedit voluptatem enim quam velit.',0,1,'2014-02-16 05:00:16','2013-09-19 16:22:55'),(408,64,72,'Ullam magnam eius consequatur dolorem.',0,1,'2017-04-28 04:54:52','2014-04-03 13:46:41'),(409,1,8,'Accusamus est deserunt voluptas necessitatibus aut.',0,1,'2017-10-26 13:51:28','2013-03-06 07:57:26'),(410,71,66,'Quibusdam voluptas quos eos doloremque magni et modi.',0,1,'2019-01-18 02:09:51','2015-07-16 18:49:18'),(411,10,19,'Aut nisi saepe aut nihil.',0,1,'2015-07-12 17:04:07','2018-05-26 06:12:45'),(412,5,82,'Aut iure neque architecto sed ex corporis.',0,1,'2011-07-09 16:52:29','2019-04-09 10:22:25'),(413,93,69,'Labore doloremque eum earum vel voluptas.',0,1,'2017-06-19 07:35:42','2012-05-29 04:55:11'),(414,5,43,'Saepe molestias dolor vitae numquam consequuntur et consequuntur.',0,1,'2015-02-24 23:59:48','2016-05-29 21:58:00'),(415,34,55,'Ipsum molestiae aliquid reiciendis dolores dolor et nulla.',0,1,'2018-11-09 16:54:25','2020-03-19 17:09:00'),(416,10,62,'Debitis illum aut deserunt tempora est similique.',0,1,'2015-09-17 06:24:13','2011-07-05 23:54:12'),(417,88,53,'Explicabo id sapiente quia qui eligendi.',0,1,'2019-02-09 13:40:05','2012-02-03 13:58:14'),(418,28,1,'Recusandae quidem soluta fugiat cupiditate aut autem.',0,1,'2019-09-22 13:38:09','2019-08-10 20:17:14'),(419,36,62,'Et et exercitationem nulla soluta possimus illo qui sit.',0,1,'2018-10-24 03:24:44','2017-06-12 06:28:50'),(420,58,90,'Eum qui quas repellat dolor.',0,1,'2013-11-20 18:24:41','2019-07-03 12:15:01'),(421,64,79,'Dolores similique qui alias nobis quibusdam quis officia.',0,1,'2017-01-10 16:34:51','2018-12-29 00:06:19'),(422,2,28,'Voluptas labore commodi natus ut expedita distinctio quo eum.',0,1,'2011-01-10 16:30:10','2020-07-14 22:15:53'),(423,19,14,'Odit assumenda aperiam aut perferendis et consequatur et perspiciatis.',0,1,'2012-01-31 04:55:59','2012-09-27 06:35:36'),(424,37,50,'Sunt voluptas rerum enim sed et.',0,1,'2019-07-06 03:42:03','2018-08-14 22:03:39'),(425,40,42,'Quis in dolor perspiciatis odit ducimus eius.',0,1,'2019-02-06 17:54:33','2016-03-11 22:38:01'),(426,90,87,'Provident mollitia aperiam est hic et optio.',0,1,'2020-08-19 07:26:32','2013-02-06 10:04:34'),(427,35,27,'Itaque cum recusandae ipsum eius ipsam et.',0,1,'2018-01-09 12:06:13','2015-02-22 22:56:32'),(428,16,50,'Et accusamus mollitia facilis odio eum.',0,1,'2017-10-01 15:33:46','2014-09-10 09:58:36'),(429,57,5,'Earum non perspiciatis officiis eveniet quidem.',0,1,'2012-05-23 09:27:59','2011-03-27 02:33:51'),(430,32,74,'Non aut nihil veniam dolor ut commodi.',0,0,'2016-01-01 22:03:33','2020-08-09 21:46:43'),(431,54,81,'Dicta iste sint culpa quam repudiandae voluptas nihil corrupti.',0,1,'2012-03-26 01:26:39','2013-09-11 06:47:18'),(432,15,86,'Cum et porro dolore numquam eos placeat.',0,1,'2016-10-31 03:48:44','2013-09-15 16:20:04'),(433,6,72,'Cumque omnis a pariatur maiores doloremque id dolor.',1,1,'2011-12-20 15:02:43','2018-04-29 17:40:15'),(434,88,63,'Saepe mollitia veritatis eos quaerat ex aliquid.',0,1,'2020-08-23 12:59:50','2017-12-29 18:37:56'),(435,42,21,'Molestias voluptas veniam possimus deserunt.',0,1,'2017-05-28 16:15:07','2014-08-04 23:21:38'),(436,48,55,'Commodi rerum eum saepe atque sit ea.',1,1,'2014-09-27 18:59:25','2020-08-17 09:40:32'),(437,85,32,'Architecto vel dolorem explicabo quo est voluptatibus.',0,1,'2017-09-02 23:48:39','2020-04-11 20:22:27'),(438,59,11,'Ullam quia laborum voluptatem consectetur dolores consequatur nam perspiciatis.',1,1,'2020-06-30 08:40:28','2020-04-27 00:31:26'),(439,7,67,'Assumenda sint et iure odit minus dolor.',0,1,'2016-05-04 02:36:20','2011-08-02 13:50:43'),(440,4,92,'Cumque vel id exercitationem impedit illum.',0,1,'2018-05-20 08:41:35','2014-02-11 03:19:13'),(441,55,86,'Vero optio voluptates aliquam omnis.',0,0,'2011-10-14 21:00:03','2017-06-11 01:51:23'),(442,79,33,'Ipsum facilis hic necessitatibus eaque reprehenderit et.',0,1,'2014-02-28 03:04:53','2011-09-25 22:07:21'),(443,99,47,'Ad ea similique officia libero dolores alias maxime.',0,1,'2012-07-27 04:17:32','2016-08-08 08:53:41'),(444,71,62,'Id sint vero dolor vero ut.',0,1,'2012-06-11 11:49:45','2013-09-22 19:04:10'),(445,56,17,'Qui quia libero dolorum sit dolor est iste.',0,1,'2014-01-30 14:21:15','2014-09-19 22:47:23'),(446,11,86,'Ex minus ipsam vel ut corporis.',0,1,'2018-01-06 16:21:24','2012-05-10 23:14:51'),(447,66,22,'Repellat quia voluptatibus et ut.',0,1,'2018-09-08 08:05:21','2010-12-17 02:31:10'),(448,32,55,'Sit laborum exercitationem voluptatum saepe est totam impedit cum.',0,1,'2012-05-13 13:29:22','2017-05-17 02:07:37'),(449,95,73,'Aut quia sed aut vel aut.',0,1,'2014-01-09 16:35:53','2018-06-06 10:17:28'),(450,64,12,'Est et magni eligendi cum.',0,1,'2015-02-07 00:07:56','2019-04-27 11:05:42'),(451,14,56,'Et asperiores sunt ut vero ipsam.',0,1,'2012-11-14 20:12:46','2019-06-14 02:59:34'),(452,49,60,'Maxime nobis architecto qui.',0,1,'2010-12-21 07:08:37','2011-08-06 06:23:34'),(453,64,39,'Accusantium sit vel est provident nulla.',0,0,'2017-01-18 12:57:27','2010-09-24 02:02:59'),(454,2,61,'Enim doloremque dignissimos est modi fugiat.',0,1,'2011-09-14 12:09:32','2019-06-21 22:42:17'),(455,53,80,'Atque ut est eum sapiente hic quos.',0,1,'2014-02-13 09:43:01','2013-11-19 11:47:16'),(456,100,93,'Est sunt omnis porro eos.',0,1,'2013-05-24 12:42:06','2011-03-23 18:15:53'),(457,100,74,'Quasi debitis qui perferendis sint.',0,1,'2017-11-15 02:33:35','2015-01-31 16:20:17'),(458,62,41,'Quis maxime nihil iure non temporibus qui nihil quo.',0,1,'2019-11-07 11:59:44','2011-06-11 01:29:48'),(459,83,1,'Voluptates voluptas quidem voluptas quis qui consequatur et.',0,1,'2018-04-12 12:04:50','2015-11-15 01:26:43'),(460,63,46,'Alias laboriosam ducimus aut fugit porro mollitia.',0,1,'2015-11-17 17:22:21','2013-06-15 09:09:51'),(461,98,42,'Perspiciatis aspernatur animi provident consectetur et nihil commodi.',0,1,'2017-06-04 20:36:22','2019-07-17 18:28:28'),(462,64,72,'Ullam consequuntur doloribus optio rerum sed non.',0,1,'2015-08-23 12:20:14','2010-09-24 11:50:21'),(463,28,71,'Ut nemo autem sequi quo dicta molestiae.',0,1,'2018-06-25 16:10:39','2013-12-02 00:46:46'),(464,86,11,'Adipisci et saepe est ut dolorem itaque ab optio.',1,1,'2011-08-30 23:52:15','2014-11-19 14:29:24'),(465,51,28,'Omnis nostrum qui at totam iusto ut ratione.',0,1,'2014-01-19 21:36:39','2020-06-17 23:04:11'),(466,68,70,'Vel illum nihil aut modi hic.',0,1,'2012-02-15 17:48:37','2017-05-24 13:54:27'),(467,61,62,'Deleniti reiciendis autem quas est soluta.',0,1,'2011-03-24 09:01:14','2012-06-18 13:18:01'),(468,24,87,'Iure ut a voluptatum perspiciatis et necessitatibus beatae.',0,1,'2012-10-13 00:12:18','2017-02-22 13:17:40'),(469,82,43,'Et quia id praesentium ut.',0,1,'2010-09-09 13:01:29','2014-11-19 00:58:57'),(470,92,51,'Consequatur adipisci repudiandae omnis deleniti.',0,1,'2011-08-26 14:59:16','2012-06-23 14:23:32'),(471,95,82,'Omnis nihil veritatis recusandae autem blanditiis.',0,1,'2012-05-24 05:31:39','2015-12-31 08:27:56'),(472,15,17,'Et iusto animi in voluptatem qui non ut ex.',0,1,'2015-02-02 14:43:51','2014-03-03 06:36:16'),(473,30,1,'Soluta dignissimos repudiandae modi eos aliquid est non.',0,0,'2012-05-29 00:37:21','2017-07-18 06:45:54'),(474,64,78,'Et atque aut quod quia quia.',0,1,'2019-08-23 20:01:11','2013-12-26 17:38:57'),(475,67,13,'Voluptas vitae rerum consequatur nihil.',1,1,'2012-09-24 04:59:36','2012-10-27 15:23:41'),(476,33,71,'Laborum soluta ut reprehenderit voluptatem atque aut.',0,1,'2012-10-12 13:58:22','2018-04-30 01:40:13'),(477,70,18,'Quia in ipsa praesentium veritatis dolorem minus.',0,1,'2013-06-04 01:42:15','2011-12-07 15:57:07'),(478,41,90,'Eaque eos animi et et.',0,1,'2015-07-03 14:36:58','2019-07-05 04:37:53'),(479,87,10,'Beatae quia reprehenderit dolorum voluptas odit soluta repudiandae dolor.',0,1,'2011-08-15 10:51:50','2014-12-04 04:31:30'),(480,50,99,'Aut velit voluptas sunt ipsum.',0,1,'2019-06-14 04:36:07','2014-05-27 15:44:31'),(481,32,44,'Consequatur at nulla rerum aperiam adipisci laborum.',0,0,'2020-06-17 23:14:25','2016-05-12 20:10:25'),(482,58,4,'Quo eligendi iure quam facere est voluptatibus.',1,1,'2014-04-27 12:24:55','2011-08-09 13:21:18'),(483,80,58,'Delectus sed eligendi distinctio iste illo praesentium.',0,1,'2017-07-21 18:17:19','2012-12-08 14:50:25'),(484,85,52,'Inventore ut omnis inventore cum ut recusandae sunt.',0,1,'2011-10-24 10:56:08','2018-12-30 13:13:41'),(485,41,71,'Ipsum odio earum et.',1,1,'2020-02-26 08:38:15','2011-03-29 14:55:03'),(486,85,13,'Tempore sunt temporibus aut eligendi iure ratione repellat.',0,1,'2019-11-25 23:16:27','2019-06-16 01:26:25'),(487,91,79,'Nostrum fugiat qui et reprehenderit perspiciatis molestiae repudiandae.',0,1,'2018-01-15 00:09:36','2019-03-19 17:28:32'),(488,75,18,'Aliquam sit necessitatibus qui reiciendis dolores.',0,1,'2012-03-30 08:32:06','2017-03-12 12:40:27'),(489,4,30,'Sint molestias voluptatem inventore dolor dignissimos omnis.',1,1,'2020-05-16 15:39:42','2016-03-25 09:49:54'),(490,38,59,'Velit nostrum praesentium cupiditate nulla non nihil doloremque.',0,1,'2011-04-06 05:39:39','2012-04-02 21:33:27'),(491,37,6,'Dicta neque in est non animi et ut.',0,1,'2017-11-14 11:37:51','2013-11-08 19:36:37'),(492,8,66,'Facere doloribus quasi eos a.',0,1,'2019-12-21 23:28:53','2014-07-11 10:08:38'),(493,60,32,'Non sit optio velit enim qui architecto nulla.',0,1,'2020-08-28 01:29:38','2020-06-17 15:06:30'),(494,96,4,'Expedita ut accusantium excepturi sunt et dolor.',0,1,'2017-04-05 03:38:42','2011-06-15 23:01:42'),(495,96,73,'Cumque consequatur delectus voluptatem dolore quo nam.',0,1,'2017-03-18 00:17:02','2012-01-25 21:46:59'),(496,71,81,'Cum eius maxime suscipit odit distinctio sint inventore.',0,1,'2012-01-12 08:18:11','2017-10-13 08:18:03'),(497,69,61,'Veritatis illum recusandae neque doloremque itaque saepe voluptas.',1,1,'2020-02-16 08:51:47','2017-11-14 23:37:48'),(498,38,1,'In eveniet voluptas dolores et excepturi ipsam et.',1,1,'2013-06-08 15:37:59','2014-01-09 20:07:59'),(499,8,11,'Tenetur error rerum ut voluptas.',0,1,'2018-04-03 19:18:17','2017-09-06 14:03:52'),(500,65,1,'Laboriosam quasi qui saepe sed.',0,1,'2017-02-22 04:06:13','2016-10-06 07:17:58'),(501,96,83,'Quia ipsam officia harum nostrum non ea maxime.',0,1,'2013-07-23 15:25:35','2020-07-25 22:57:16'),(502,77,82,'Magni voluptates iste nulla enim sequi et ab qui.',0,1,'2011-01-14 06:52:12','2012-10-25 13:07:37'),(503,53,40,'Ratione molestiae unde velit inventore ut porro.',0,1,'2012-10-23 15:10:03','2014-09-16 01:37:43'),(504,73,67,'Cumque doloribus adipisci in.',1,1,'2019-07-23 04:33:09','2014-12-04 07:53:15'),(505,85,42,'Aut ipsa ipsam similique vitae minima.',1,1,'2011-08-21 09:34:19','2011-02-10 00:05:28'),(506,85,75,'Sunt occaecati corrupti ut veniam est minus tempore.',0,1,'2015-12-29 02:39:44','2016-08-29 02:14:04'),(507,15,14,'Occaecati porro voluptatem exercitationem consectetur nisi cumque.',0,1,'2013-05-03 18:23:50','2013-02-08 18:59:07'),(508,25,90,'Itaque possimus eveniet quia dolores vitae ea.',0,1,'2016-01-13 09:10:37','2018-10-24 01:54:26'),(509,17,80,'Qui doloribus ratione sed deserunt.',1,1,'2015-09-23 08:58:34','2017-08-03 23:05:05'),(510,57,72,'Exercitationem ipsum quis sed voluptatem minus sapiente.',1,1,'2019-11-05 16:06:28','2011-03-03 02:29:53'),(511,73,94,'Suscipit eius voluptatem velit iure.',0,1,'2010-09-22 22:45:38','2011-10-06 14:29:54'),(512,27,44,'Quam in in odio amet iste rerum sit.',1,1,'2015-02-26 01:31:09','2017-04-15 07:19:10'),(513,93,14,'Aut temporibus qui ipsum vel.',0,1,'2019-01-22 05:21:25','2013-08-28 13:04:13'),(514,23,46,'Aperiam at rerum in officia officiis.',0,1,'2010-10-22 22:08:45','2014-11-23 23:15:01'),(515,40,56,'Sit omnis enim voluptatem facere beatae nulla.',0,1,'2016-01-12 15:34:02','2017-04-15 19:07:05'),(516,84,43,'Laboriosam distinctio quisquam quisquam officiis consequatur magni quibusdam.',0,1,'2018-08-08 00:59:59','2013-02-01 00:12:47'),(517,66,71,'Impedit tempora ea nemo ipsum.',0,1,'2016-12-14 12:44:23','2017-03-10 13:39:47'),(518,97,40,'Eligendi doloribus dignissimos nemo in quod at consequatur.',0,1,'2011-06-07 14:36:09','2017-04-15 09:46:21'),(519,15,23,'Doloribus sit cum neque.',0,1,'2015-04-08 17:41:28','2016-11-24 05:03:26'),(520,53,44,'Porro alias neque eum.',0,1,'2015-05-28 11:48:16','2016-09-12 13:17:09'),(521,67,73,'Aut aliquam sunt consequatur aliquid dolorem praesentium est.',0,1,'2018-02-28 10:44:24','2011-06-24 06:51:59'),(522,77,37,'Aut et perspiciatis sit sunt.',0,1,'2014-05-28 16:03:02','2012-05-02 04:24:42'),(523,7,89,'Adipisci maiores qui facere dolores iusto esse aperiam dignissimos.',0,1,'2016-02-01 22:32:51','2016-06-01 08:24:55'),(524,18,88,'Voluptatem eveniet sed consectetur corporis tempore.',0,1,'2011-12-07 05:18:09','2015-11-09 06:22:31'),(525,82,59,'Quis id et ut corporis quibusdam rem ut blanditiis.',1,1,'2019-03-03 16:06:33','2014-09-18 22:44:14'),(526,34,94,'Consectetur ducimus ut laborum culpa.',0,1,'2013-08-01 11:07:03','2018-06-07 17:20:02'),(527,96,73,'Et aut vero voluptatibus et ratione.',0,1,'2011-09-30 11:00:12','2014-09-20 21:36:50'),(528,64,40,'Ad id a expedita pariatur.',1,1,'2017-12-06 21:50:32','2014-04-26 02:32:41'),(529,84,77,'Quis quia voluptatem et aperiam qui porro dolore.',0,1,'2020-04-25 11:20:07','2020-01-29 23:55:01'),(530,63,47,'Qui quas laudantium consequatur repellendus officiis voluptate nihil.',0,1,'2018-05-24 02:24:52','2013-04-02 07:10:33'),(531,56,46,'Rerum et neque ex et aperiam rerum iure.',0,1,'2020-01-30 07:58:49','2016-02-16 07:28:16'),(532,26,93,'Minus aspernatur maxime nisi sit ut sit.',0,1,'2012-07-24 16:24:29','2015-05-16 15:40:30'),(533,16,13,'Consequatur aliquid provident soluta eum.',0,1,'2019-07-14 23:49:45','2011-07-20 13:46:48'),(534,30,3,'Voluptatem sunt est a illo.',0,1,'2013-08-06 00:53:45','2012-08-28 02:29:32'),(535,56,40,'Quo possimus omnis quibusdam dolorum error error.',0,1,'2011-12-22 10:18:03','2013-06-12 12:50:58'),(536,17,50,'Qui ullam atque dicta quidem porro nobis dolores.',0,1,'2016-09-22 14:08:24','2014-06-05 06:40:54'),(537,87,79,'Est autem quis assumenda molestiae excepturi repellendus laborum expedita.',0,1,'2016-04-01 20:22:10','2017-04-10 11:38:19'),(538,94,31,'Provident quo nihil ullam non.',0,1,'2015-12-22 10:13:47','2016-11-17 01:28:41'),(539,74,77,'Et praesentium sit vel minima delectus voluptates.',1,0,'2020-02-14 16:07:42','2014-07-08 20:19:12'),(540,96,96,'Qui eum quam non similique voluptatem.',0,1,'2018-07-20 03:07:30','2016-08-10 00:01:30'),(541,58,79,'Vitae minus totam voluptatibus neque magni dolorum porro.',0,1,'2015-04-20 22:01:17','2014-04-15 12:33:14'),(542,70,13,'Omnis voluptate quo ea beatae.',0,1,'2015-11-06 21:09:38','2013-01-23 10:25:36'),(543,15,67,'Et et impedit dolorem quia dolore minima alias.',1,1,'2017-10-31 18:59:39','2011-04-12 10:05:41'),(544,3,26,'Pariatur molestias ut maxime ut.',0,1,'2018-10-28 08:59:04','2016-08-05 02:44:16'),(545,19,54,'Inventore sequi omnis dolorem tempore.',0,1,'2013-04-17 17:53:02','2014-11-11 18:52:02'),(546,4,29,'Atque commodi veniam dolorem quisquam molestias aut nisi.',1,1,'2016-11-17 10:49:39','2015-04-17 13:25:02'),(547,15,45,'Consequatur temporibus libero occaecati perspiciatis similique.',0,1,'2014-05-04 08:57:32','2016-03-15 17:46:54'),(548,24,80,'Dolores reiciendis tempora laboriosam sed praesentium ut sunt.',0,1,'2015-06-27 18:00:31','2014-08-18 13:27:41'),(549,77,64,'Occaecati expedita doloremque velit non voluptas dignissimos.',0,1,'2017-12-02 18:40:29','2012-08-28 10:42:42'),(550,51,48,'Veniam nobis non esse et iusto non.',0,1,'2019-02-22 09:30:55','2018-11-21 15:42:20'),(551,20,60,'Quasi ipsum sit ullam et dolore.',0,1,'2013-07-18 03:37:47','2020-03-14 07:44:47'),(552,14,41,'Eum occaecati consequuntur eveniet error et.',0,1,'2019-08-24 10:01:43','2010-11-28 22:48:22'),(553,70,49,'Illo omnis reiciendis voluptate earum.',0,1,'2014-02-09 05:35:21','2018-09-02 10:30:00'),(554,26,94,'Est enim doloremque inventore aut et deleniti deleniti.',0,1,'2019-07-14 08:22:21','2014-01-13 07:12:13'),(555,21,24,'Est omnis ipsum eos harum aut asperiores reiciendis.',0,1,'2013-04-04 09:33:47','2013-04-23 00:33:20'),(556,85,86,'Voluptas sed nihil sint dolorum.',0,1,'2012-10-12 13:35:53','2018-09-28 08:16:05'),(557,97,16,'Facere at unde ab atque.',0,1,'2016-05-21 12:59:47','2020-02-03 01:30:19'),(558,28,89,'Non eos mollitia quos perspiciatis.',0,0,'2018-10-24 21:53:17','2012-09-04 07:05:20'),(559,31,72,'Vel labore voluptas et quia ea asperiores.',0,1,'2012-06-03 01:33:22','2014-07-12 12:49:49'),(560,38,6,'Omnis asperiores voluptatem dolorem qui.',0,1,'2017-04-20 01:26:53','2012-06-12 09:26:43'),(561,59,5,'Praesentium dolore eveniet odio earum et sint et et.',1,1,'2013-05-11 11:30:05','2011-12-17 14:30:17'),(562,31,35,'Enim consectetur et voluptatum placeat eum qui quis.',0,1,'2017-12-10 23:17:44','2017-02-05 06:45:19'),(563,82,72,'Culpa non aut enim quia debitis aperiam ratione velit.',0,1,'2018-12-15 16:46:27','2019-11-21 19:03:44'),(564,99,4,'Beatae beatae ad ipsa exercitationem harum omnis dolores architecto.',0,1,'2011-03-16 19:57:11','2012-01-01 22:56:03'),(565,80,25,'Pariatur perferendis natus ipsum sit dolorum.',0,1,'2018-08-07 11:28:15','2019-12-12 10:45:25'),(566,47,29,'Consequuntur vel id id ut dolorem vel est.',0,1,'2015-08-21 17:02:34','2014-08-29 17:22:35'),(567,43,30,'Ducimus recusandae quos non et cumque atque.',0,1,'2017-03-19 04:26:10','2014-03-22 03:29:01'),(568,70,95,'Tenetur impedit dolores animi modi.',1,1,'2019-07-30 19:02:17','2016-07-09 04:02:38'),(569,72,40,'Officia repudiandae sed voluptates illo repellendus eligendi ut.',0,1,'2020-04-18 09:11:47','2016-01-12 01:53:44'),(570,73,70,'Quo excepturi cumque aut iusto commodi soluta aut.',0,1,'2014-10-25 00:42:51','2015-07-12 00:55:22'),(571,37,86,'Voluptatibus in deleniti quod veniam cum et.',0,1,'2017-01-16 02:38:59','2011-12-26 19:08:52'),(572,64,68,'Odio qui delectus possimus aut mollitia reiciendis ipsa placeat.',0,1,'2011-09-09 12:11:25','2019-10-08 21:30:49'),(573,49,17,'Saepe excepturi asperiores exercitationem libero molestias a quis veritatis.',0,1,'2014-08-10 11:57:15','2019-05-16 01:22:27'),(574,2,40,'Id consequatur tenetur soluta quos.',0,1,'2011-11-18 03:30:14','2011-06-20 03:34:48'),(575,91,6,'Sed nam corrupti assumenda labore.',0,1,'2017-08-26 20:16:20','2012-07-29 00:25:45'),(576,79,77,'Molestiae deserunt quis aut nobis qui facere consequatur molestiae.',0,1,'2017-03-15 14:46:04','2015-04-21 11:24:13'),(577,3,64,'Consequatur ab qui explicabo et similique facere et earum.',1,1,'2018-03-29 04:15:42','2017-07-06 20:15:29'),(578,20,85,'Aperiam id reprehenderit aut voluptas quisquam quo corporis.',0,1,'2019-07-20 04:08:09','2016-03-17 08:05:40'),(579,12,75,'Dolores ducimus dolor omnis vero hic enim.',0,1,'2019-06-28 12:54:49','2010-09-19 15:57:30'),(580,87,15,'Ipsum beatae similique itaque delectus vel.',0,1,'2018-09-07 23:24:36','2019-01-12 01:50:28'),(581,100,90,'Est qui consequatur omnis quod.',0,1,'2012-02-09 10:13:33','2015-01-22 17:43:26'),(582,28,25,'Non ad ab quis minima voluptates inventore totam.',0,1,'2017-08-07 02:53:15','2011-11-28 23:40:34'),(583,57,81,'Amet doloribus animi maiores neque excepturi.',0,1,'2016-08-10 02:24:14','2013-03-30 17:22:02'),(584,72,83,'Rerum aliquid recusandae similique et.',0,1,'2012-10-02 21:10:09','2019-08-29 23:15:17'),(585,35,5,'Quo est autem libero accusamus ut dicta.',0,1,'2014-12-12 16:23:19','2018-07-15 19:08:57'),(586,51,3,'Quia eveniet a dolor consequatur esse laudantium.',0,1,'2019-01-05 20:21:33','2018-08-16 11:00:05'),(587,26,73,'Alias est cumque alias laboriosam qui.',0,1,'2011-04-03 23:08:08','2015-08-28 08:41:58'),(588,86,79,'Accusamus corrupti maiores dolor eveniet fugiat autem.',0,1,'2011-03-17 11:02:32','2017-05-09 23:54:16'),(589,14,56,'Soluta nihil sed quisquam.',0,1,'2016-05-19 02:27:08','2016-03-17 00:53:46'),(590,51,43,'Laudantium fugiat soluta aut.',0,1,'2012-03-31 08:40:27','2015-09-06 01:03:46'),(591,36,35,'Repellat molestias sunt ut.',1,1,'2020-04-08 10:19:38','2013-02-08 06:59:27'),(592,55,32,'Eos ut illum necessitatibus adipisci consequuntur nobis ab unde.',0,1,'2011-04-21 10:07:48','2013-01-01 21:35:09'),(593,82,95,'Minima voluptatem quisquam molestiae aspernatur maiores.',0,1,'2018-04-05 13:48:20','2019-08-04 21:33:48'),(594,70,40,'Voluptas alias et amet commodi minima.',0,1,'2016-06-10 01:32:16','2014-12-11 03:51:40'),(595,100,99,'Quasi error veniam iure consequatur similique aut pariatur est.',1,1,'2018-01-12 02:17:00','2015-10-06 22:05:54'),(596,55,21,'Est voluptas tempore et perspiciatis.',0,1,'2015-07-11 14:50:35','2011-11-15 08:22:56'),(597,44,28,'Consequatur fuga modi ducimus ad voluptatem officiis veritatis.',0,1,'2017-02-17 03:32:41','2016-09-10 04:53:43'),(598,94,40,'Ex ipsum nesciunt doloribus adipisci quia quibusdam.',0,1,'2011-01-09 08:03:16','2015-11-11 14:35:27'),(599,45,3,'Aut corrupti et vitae aliquid quasi sequi enim.',0,1,'2020-04-12 08:05:00','2016-03-25 02:15:35'),(600,99,45,'Eaque occaecati dolorem illo possimus quis laborum.',0,1,'2013-06-20 15:13:11','2015-07-06 12:03:03'),(601,39,27,'Sit quasi quo numquam temporibus harum eum.',1,1,'2013-04-03 05:36:11','2019-04-20 23:50:12'),(602,50,32,'Dolor incidunt labore minima corrupti ad.',0,1,'2018-07-08 09:08:21','2015-12-11 06:04:13'),(603,47,73,'Quia fugit magni nobis qui.',0,1,'2013-08-24 15:34:59','2020-01-17 21:30:07'),(604,8,19,'Quam repudiandae sed enim.',0,1,'2018-12-12 05:11:36','2018-02-26 09:53:35'),(605,88,91,'Impedit sed suscipit sunt voluptatibus dolores.',0,0,'2010-09-17 07:27:59','2013-06-17 01:29:29'),(606,32,7,'Vel distinctio non suscipit et qui ut.',1,1,'2012-09-10 21:59:32','2018-06-06 21:39:03'),(607,47,51,'Animi totam quaerat rem.',0,1,'2015-09-26 04:04:10','2018-08-13 19:43:39'),(608,13,36,'Rerum id necessitatibus soluta doloribus modi.',0,1,'2017-12-28 04:03:49','2015-02-16 07:49:40'),(609,7,7,'Fugit ea sunt eos molestias illum ratione illo ullam.',0,1,'2016-07-01 06:16:59','2017-08-12 00:41:46'),(610,100,87,'Voluptatem sit placeat iure sed.',0,1,'2020-01-05 15:25:39','2018-08-28 20:42:31'),(611,88,46,'Quis tenetur ab exercitationem eos recusandae.',0,1,'2015-08-18 20:43:24','2019-04-09 21:26:30'),(612,66,80,'Accusamus cumque voluptatem tenetur dolores sunt.',1,1,'2020-03-24 03:54:39','2011-07-08 13:53:30'),(613,88,51,'Libero similique culpa odio perferendis minus sit.',0,1,'2012-11-20 02:56:59','2013-11-04 06:14:50'),(614,28,84,'Dolores in minus ab est corrupti eaque.',0,1,'2015-03-13 20:52:28','2017-03-01 23:47:00'),(615,72,97,'Ad qui autem ipsam voluptatem.',0,1,'2018-10-05 06:35:10','2018-01-22 10:31:57'),(616,75,46,'Minus fuga sit ut cumque quibusdam explicabo.',0,1,'2014-04-16 00:01:14','2016-11-28 12:37:27'),(617,40,56,'Ea impedit molestiae ea repellat ipsam.',0,1,'2012-10-30 09:16:12','2016-09-10 17:29:09'),(618,59,43,'Eum et consectetur maiores doloribus.',0,1,'2018-11-23 18:07:51','2012-06-06 11:37:45'),(619,9,67,'Aut sit voluptatem aliquid perferendis cum.',1,0,'2013-02-20 07:37:47','2017-10-24 19:02:35'),(620,62,67,'Sequi quos repellendus voluptas.',0,1,'2017-01-11 05:26:11','2020-01-27 12:17:49'),(621,97,8,'Qui perferendis aut dolores qui ad odit tenetur.',0,1,'2017-04-25 13:42:09','2012-01-01 01:58:08'),(622,97,55,'Id hic aut facilis aperiam praesentium.',0,1,'2012-08-27 22:13:40','2016-04-12 07:30:06'),(623,83,64,'Harum libero iusto velit ipsa delectus a doloribus.',0,1,'2018-07-18 19:32:24','2017-07-17 18:46:04'),(624,80,14,'Adipisci et molestiae ea in rerum.',0,1,'2012-02-10 12:45:44','2019-10-06 09:33:36'),(625,5,57,'Aut fugit omnis quibusdam omnis explicabo et fuga.',0,1,'2012-09-10 09:34:30','2020-04-24 09:48:14'),(626,38,22,'Optio omnis harum in.',0,1,'2012-02-22 10:55:33','2017-01-29 04:05:55'),(627,42,46,'Consectetur voluptatem aliquam ex ut sunt earum.',0,1,'2019-03-03 09:24:27','2015-11-26 13:34:16'),(628,87,81,'Consequuntur voluptate qui doloribus in voluptas.',0,1,'2019-04-25 00:22:30','2020-03-11 16:30:32'),(629,14,82,'Consectetur sequi quos recusandae at ea aut.',0,1,'2015-06-26 00:30:41','2014-08-02 14:31:10'),(630,5,16,'Repellendus ab cupiditate et dolor maxime.',0,0,'2011-12-11 09:44:03','2012-01-27 18:02:18'),(631,66,30,'Ut neque amet omnis ab eius.',0,1,'2020-04-16 19:22:23','2020-05-27 03:17:10'),(632,9,57,'Et maxime ipsam occaecati ab aut laboriosam minima.',0,1,'2013-08-29 23:27:16','2016-10-27 15:52:04'),(633,29,46,'Sed maxime ipsam illo sunt consequuntur.',1,1,'2013-07-24 08:40:29','2013-07-06 23:14:40'),(634,77,95,'Praesentium non perspiciatis quia vero quia eum.',0,1,'2018-09-12 09:31:53','2016-06-27 22:49:52'),(635,82,38,'Asperiores ipsum et aut et ut provident numquam quas.',0,1,'2012-01-09 07:04:34','2019-09-18 22:16:16'),(636,2,87,'Nihil pariatur itaque qui et.',1,1,'2011-12-16 01:12:48','2017-10-05 23:42:29'),(637,17,36,'Quam delectus deserunt magnam excepturi rerum doloribus.',0,1,'2015-02-18 06:31:09','2013-07-08 08:50:17'),(638,46,27,'Quidem velit autem nobis ex est soluta quam architecto.',0,1,'2012-01-23 21:21:52','2017-02-25 06:08:21'),(639,3,52,'Dolores aut similique sed voluptatum dolorem recusandae.',1,1,'2014-10-28 17:43:57','2012-12-16 17:25:50'),(640,7,44,'Et atque molestiae nostrum voluptas.',0,1,'2012-08-17 14:06:05','2019-03-08 10:58:17'),(641,8,18,'Odio inventore rerum placeat.',0,1,'2019-07-24 23:59:09','2019-12-05 14:14:13'),(642,42,20,'Laboriosam qui est est et consectetur.',0,0,'2018-01-27 21:11:06','2019-01-28 09:30:39'),(643,91,52,'Reiciendis sunt officia eaque quo.',0,1,'2018-07-18 23:24:50','2019-06-20 11:08:01'),(644,66,65,'Ut et quis placeat quaerat quas quasi.',0,1,'2010-10-22 03:06:20','2013-08-26 22:24:32'),(645,1,14,'Nesciunt dicta exercitationem quis nisi qui voluptatem.',0,1,'2011-04-21 10:34:22','2015-09-09 04:54:57'),(646,79,100,'Iste enim dignissimos omnis eos iure incidunt dolorem.',0,1,'2014-12-14 14:37:33','2018-10-09 18:25:06'),(647,9,95,'Nostrum sequi nemo repudiandae cumque quia laboriosam quo.',0,1,'2011-06-17 22:43:00','2016-02-06 09:17:09'),(648,15,58,'Aut in reiciendis dolor quas repellendus.',0,1,'2014-08-05 09:16:41','2012-05-02 17:37:14'),(649,16,2,'Quia totam voluptas quam vel delectus.',0,1,'2020-04-14 22:42:51','2015-05-08 00:51:53'),(650,80,77,'Laudantium dolorem sint non dignissimos.',1,1,'2012-06-14 09:23:14','2018-01-23 12:38:37'),(651,8,87,'Harum recusandae dolorem tenetur ratione qui magni impedit quasi.',0,1,'2014-08-21 19:54:46','2019-11-07 19:25:28'),(652,13,45,'Autem culpa voluptate labore ipsam nesciunt et porro.',0,1,'2018-02-04 07:54:00','2016-12-22 17:46:59'),(653,97,71,'Sit sed dolorum provident et et.',0,1,'2013-04-27 19:24:37','2019-04-25 08:52:16'),(654,24,9,'Doloremque sequi iure dolores vel reprehenderit laborum.',0,1,'2012-04-18 21:16:22','2015-05-14 17:39:04'),(655,25,19,'Esse est illo dolor.',1,1,'2017-07-15 21:41:35','2015-02-05 11:50:14'),(656,62,72,'Tempora atque dolorem ratione quisquam facere natus quis.',0,1,'2012-11-04 04:50:34','2016-08-06 22:40:59'),(657,7,26,'Quam numquam fugiat laborum ipsam.',0,1,'2020-01-20 08:38:50','2011-06-16 20:49:02'),(658,87,63,'Laboriosam et cupiditate sed officiis sed exercitationem esse voluptate.',0,1,'2019-08-29 20:12:31','2013-07-19 18:02:16'),(659,29,61,'Nihil natus et esse sunt nihil.',1,1,'2016-08-28 00:10:59','2016-04-04 01:59:27'),(660,11,56,'Quidem voluptatibus dolorem sit ea eum quibusdam.',0,1,'2012-12-24 23:13:45','2012-04-05 07:50:07'),(661,36,78,'Dolor assumenda similique sunt delectus.',0,1,'2012-01-19 14:41:36','2015-10-25 11:13:31'),(662,19,96,'Necessitatibus harum consequuntur iste voluptatem libero.',0,1,'2018-04-08 16:29:15','2011-06-10 03:02:11'),(663,71,30,'Deleniti ut est recusandae ea recusandae.',0,1,'2016-05-05 10:34:54','2010-11-12 20:24:30'),(664,11,20,'Qui nobis qui alias.',0,1,'2017-12-06 06:36:23','2017-07-26 23:57:21'),(665,17,33,'Corrupti eaque id eligendi eum.',0,1,'2015-09-03 07:10:23','2016-04-22 14:58:28'),(666,24,32,'Aut dolor ratione in qui.',0,1,'2015-08-01 09:43:48','2017-12-02 05:58:54'),(667,32,50,'Facere culpa sit non veniam eaque sit.',0,1,'2018-11-23 01:00:44','2010-11-15 06:04:56'),(668,85,86,'Non nemo beatae autem voluptas dolorem eligendi.',0,1,'2011-03-07 03:38:08','2014-10-29 10:35:15'),(669,17,39,'Enim saepe eligendi aspernatur qui est cumque.',0,0,'2011-05-30 13:00:51','2015-11-30 06:47:37'),(670,95,24,'Dolore molestias voluptatem fugit alias debitis ratione minima dignissimos.',0,1,'2010-11-18 13:31:01','2018-08-20 01:13:03'),(671,39,71,'Sunt omnis autem et eveniet quo.',0,1,'2014-05-26 15:00:19','2016-05-04 09:05:02'),(672,55,72,'Enim inventore est et sapiente nostrum quis sit.',0,1,'2011-11-12 18:58:40','2018-11-30 13:39:11'),(673,52,42,'Nobis dolor quaerat similique dolorum accusamus ducimus.',0,1,'2010-12-28 13:30:42','2020-08-04 13:22:06'),(674,37,60,'Occaecati harum est natus.',0,1,'2013-10-12 07:25:03','2019-02-01 16:03:08'),(675,36,26,'Eaque ea voluptas mollitia qui est omnis provident quis.',0,1,'2015-11-11 10:53:33','2011-01-14 09:37:20'),(676,16,45,'Deleniti temporibus magnam molestiae quos aut aliquam est.',0,1,'2014-11-25 05:28:21','2014-10-18 13:47:01'),(677,83,63,'Et expedita repellat expedita id nulla consequatur.',0,1,'2012-11-08 12:14:14','2016-08-09 22:22:48'),(678,57,41,'Error nisi est animi amet sapiente.',0,1,'2012-09-04 19:55:59','2019-01-09 06:13:10'),(679,12,26,'Voluptate consequatur omnis blanditiis dolorum rerum aut quae.',0,1,'2014-12-12 05:46:37','2015-10-01 11:24:31'),(680,5,87,'Fugit ea ut ea error eum aut sed.',0,1,'2014-08-30 18:19:03','2012-08-25 10:13:44'),(681,58,45,'Recusandae excepturi odio officia temporibus.',0,1,'2012-12-18 19:03:32','2013-07-06 06:50:08'),(682,38,17,'Accusamus sed ex velit omnis aspernatur.',0,1,'2011-01-04 05:05:39','2011-06-27 12:01:32'),(683,36,18,'Beatae expedita non in nisi rerum.',0,1,'2018-02-10 03:02:29','2011-01-29 10:38:08'),(684,70,47,'Ullam qui id ullam ut.',0,1,'2011-07-19 00:34:08','2012-03-04 09:11:52'),(685,32,37,'Saepe recusandae aut doloribus nemo nisi in provident.',0,1,'2020-09-05 12:41:00','2015-10-28 21:04:50'),(686,27,3,'Sed ut nihil ex at qui.',0,1,'2018-01-08 13:14:48','2016-08-15 19:25:10'),(687,90,3,'Accusamus consequatur magni nihil.',0,1,'2012-06-08 13:20:03','2015-05-22 06:36:46'),(688,88,63,'Velit fugit voluptatem quod.',1,1,'2017-11-09 02:11:12','2012-01-17 23:44:09'),(689,72,23,'Sed voluptatem error quos.',0,1,'2011-11-19 06:17:05','2010-09-29 09:40:24'),(690,51,11,'Quasi reprehenderit debitis et explicabo officia architecto.',0,1,'2013-08-07 06:53:30','2020-07-09 17:51:20'),(691,40,16,'Nisi est aliquam autem ab sit.',0,1,'2017-05-31 08:45:05','2016-04-27 12:24:46'),(692,10,4,'Dicta inventore id unde et et pariatur.',0,0,'2012-01-16 06:11:43','2018-02-13 01:32:35'),(693,100,82,'Ut ratione fugit delectus deleniti.',0,1,'2013-07-04 05:53:34','2012-01-02 13:58:25'),(694,18,40,'Soluta maiores et soluta est tempore quod nam expedita.',0,1,'2012-09-07 21:14:35','2019-09-13 02:40:57'),(695,37,68,'Ducimus ut autem omnis cumque corrupti animi animi totam.',0,1,'2016-01-19 01:34:16','2018-01-23 23:55:39'),(696,71,67,'Nihil sed optio ut quidem distinctio error expedita.',0,1,'2018-05-16 10:20:01','2012-03-23 01:36:48'),(697,36,92,'Nihil iusto autem expedita ea debitis nisi id voluptatem.',0,1,'2010-11-01 14:22:33','2017-06-03 13:45:05'),(698,29,47,'Quos at voluptatem in sunt sint a quis.',0,1,'2019-07-10 05:06:49','2020-07-12 03:40:09'),(699,12,79,'Quo sunt quia eligendi consequatur id autem consectetur.',0,1,'2015-09-22 18:19:07','2014-10-13 15:09:53'),(700,2,95,'Possimus totam laborum eaque eaque soluta.',1,1,'2019-06-29 01:11:45','2011-04-10 10:58:19'),(701,3,86,'Suscipit voluptatibus minus numquam doloremque laborum expedita.',0,1,'2017-09-08 22:41:37','2016-12-12 00:35:32'),(702,51,46,'Nulla nulla sequi dolorem.',0,1,'2011-01-14 01:58:57','2017-07-18 14:02:17'),(703,35,69,'Impedit cumque explicabo a officia.',1,1,'2012-08-22 02:33:30','2019-02-01 21:12:48'),(704,72,47,'Sit occaecati quam quod corrupti.',0,1,'2013-07-18 04:14:02','2018-04-20 15:54:58'),(705,35,31,'Qui exercitationem deserunt perferendis pariatur.',0,1,'2016-01-02 02:58:20','2020-05-04 02:45:49'),(706,33,9,'Consequatur et incidunt praesentium.',0,1,'2016-08-14 08:23:42','2012-10-10 03:04:52'),(707,93,44,'Perferendis et sed perspiciatis.',0,1,'2018-08-06 15:33:29','2010-09-22 18:08:40'),(708,71,99,'Quis omnis consequatur asperiores in qui natus amet.',0,1,'2018-05-12 09:22:03','2012-11-23 00:50:28'),(709,85,4,'Vel ipsa harum sapiente amet aut.',0,1,'2020-05-30 17:01:40','2012-05-26 20:10:50'),(710,92,23,'Maxime molestiae odit aut accusantium.',0,1,'2019-03-14 15:50:31','2014-06-06 08:01:05'),(711,20,47,'Expedita corrupti laborum officia rerum dolor odit.',0,1,'2016-11-13 14:59:59','2016-05-30 12:30:45'),(712,27,53,'Qui harum ullam omnis placeat.',1,1,'2019-07-15 23:24:02','2016-04-28 15:28:25'),(713,36,35,'Vel est qui atque a atque fugiat vel accusantium.',0,1,'2010-11-29 03:28:31','2011-10-23 08:15:11'),(714,4,22,'Ipsa illo alias natus harum.',0,1,'2015-11-26 11:02:57','2010-10-16 16:54:14'),(715,15,38,'Voluptatum consequatur dolores eos sapiente dignissimos.',0,1,'2013-05-03 12:10:09','2013-09-20 04:07:04'),(716,83,35,'Ea est eaque reiciendis culpa.',0,1,'2012-02-10 20:41:35','2017-04-12 06:06:35'),(717,93,53,'Reiciendis facilis dolores illo dolorem modi rerum maxime.',0,1,'2019-08-15 15:21:24','2019-02-05 16:55:57'),(718,27,56,'Provident corrupti voluptatem pariatur nam sint.',0,1,'2014-10-14 21:22:23','2012-10-30 00:40:03'),(719,31,97,'Voluptates ipsum eos est rerum et temporibus aut.',0,1,'2014-04-21 07:42:33','2013-09-09 09:17:27'),(720,79,4,'Sunt explicabo minima officia omnis.',0,1,'2018-02-22 22:35:57','2013-10-18 21:00:24'),(721,38,78,'Unde non quibusdam mollitia libero officiis quidem velit.',0,1,'2014-03-07 11:24:30','2014-10-12 07:16:22'),(722,68,46,'Laudantium dolore officia est ad quisquam.',0,1,'2019-09-12 14:58:07','2014-05-09 12:28:35'),(723,97,84,'Animi aut tempore ut veniam.',0,1,'2011-12-21 12:37:32','2015-01-21 07:27:20'),(724,70,83,'Est exercitationem quia qui et.',0,1,'2019-03-31 09:58:12','2020-03-15 08:01:42'),(725,23,34,'Suscipit dolor quibusdam consequatur nemo animi accusamus ut.',0,1,'2015-05-13 06:40:58','2013-01-20 00:02:35'),(726,65,46,'Voluptatem dignissimos et rem distinctio recusandae optio et.',0,1,'2013-07-26 23:26:58','2019-07-03 23:33:40'),(727,30,90,'Enim est cumque omnis rerum veritatis doloribus.',0,0,'2010-09-27 23:13:23','2020-08-20 09:10:37'),(728,40,65,'Totam accusamus quidem maiores minima officiis culpa ut sit.',0,1,'2016-01-05 21:35:22','2010-12-25 15:45:16'),(729,85,2,'Molestiae et voluptatem explicabo.',0,1,'2016-09-24 21:06:16','2012-08-03 20:55:29'),(730,7,78,'Assumenda velit et nemo veritatis ipsum necessitatibus placeat.',0,1,'2013-08-06 23:52:42','2020-04-21 18:45:22'),(731,86,66,'Consectetur at numquam quas sed est sit est.',0,1,'2014-12-20 15:59:20','2019-07-05 07:06:46'),(732,94,91,'Eligendi animi qui rerum.',0,1,'2017-12-24 19:49:06','2016-04-02 04:39:25'),(733,23,47,'Reiciendis illo odio aliquid eum rerum dolorum qui voluptatibus.',0,1,'2016-05-17 16:26:01','2020-03-31 20:44:12'),(734,51,100,'Et commodi quis corporis omnis aut ut magnam.',0,1,'2012-11-19 10:44:15','2020-03-23 12:32:57'),(735,96,33,'Quis quia cum nam natus.',0,1,'2012-02-09 21:32:04','2019-01-17 02:02:06'),(736,27,58,'Enim porro voluptatem ipsam qui facere.',0,1,'2010-10-08 19:07:05','2018-02-10 23:06:08'),(737,82,57,'Alias consequatur delectus quia molestiae.',0,1,'2018-11-12 02:51:52','2010-11-20 17:40:20'),(738,74,78,'Id porro qui ea harum cum veritatis.',0,1,'2013-08-04 22:57:36','2016-07-14 21:36:02'),(739,22,83,'Ex numquam repellendus blanditiis ratione.',0,1,'2012-08-13 13:39:06','2016-09-20 22:30:52'),(740,50,62,'Voluptatum soluta qui nihil.',0,1,'2014-06-30 22:30:55','2010-10-05 15:54:34'),(741,94,19,'Deserunt voluptatem ea illo modi ut debitis.',0,1,'2016-12-15 14:18:03','2013-04-27 06:57:22'),(742,47,80,'At sed error iste ex et eaque nisi.',0,1,'2013-11-17 21:01:31','2019-09-05 21:56:59'),(743,54,1,'Rem numquam velit repellendus et illum.',0,1,'2017-04-22 23:16:42','2020-07-26 20:58:30'),(744,49,36,'Autem sequi et corporis impedit minus culpa molestiae.',0,1,'2017-06-30 00:39:22','2017-11-29 20:38:44'),(745,62,15,'Ut sed aut qui rem.',0,1,'2017-03-21 17:22:01','2014-10-09 00:17:03'),(746,70,32,'Consectetur nulla rem quasi est.',0,1,'2015-09-28 10:46:53','2011-09-24 05:14:54'),(747,91,46,'Ipsam qui dolore magnam et minima voluptatem et.',0,1,'2020-03-14 16:53:16','2017-07-27 17:53:50'),(748,22,89,'Dolor rem quam officia.',0,1,'2015-03-11 19:01:32','2015-06-22 11:53:45'),(749,49,57,'Autem omnis dolorem ab aperiam.',0,1,'2012-02-05 07:55:31','2018-10-31 20:46:43'),(750,6,61,'Id qui expedita deserunt et aspernatur dicta et.',0,1,'2017-06-02 20:31:36','2016-04-03 02:13:40'),(751,8,72,'Fugit minima quo tempore quibusdam.',0,1,'2010-11-12 05:22:31','2012-01-15 13:59:04'),(752,18,1,'Fugit occaecati sapiente est et ipsa tempore.',0,1,'2020-07-17 11:40:27','2016-08-21 14:09:40'),(753,77,67,'Minus veniam consectetur omnis porro modi omnis fuga.',0,1,'2011-10-28 11:52:13','2017-03-24 23:30:30'),(754,14,90,'Cumque fuga veritatis at et porro.',0,1,'2016-02-19 04:50:55','2012-01-13 13:28:01'),(755,14,76,'Repudiandae sed possimus dignissimos quaerat fugiat reiciendis corrupti.',0,1,'2017-11-28 06:45:00','2016-04-07 21:45:58'),(756,97,31,'Esse vero voluptas nobis laudantium omnis cumque dolores.',0,1,'2015-01-09 18:55:39','2015-03-04 20:46:22'),(757,86,21,'Labore ea tempore maxime adipisci quo.',0,1,'2010-11-06 09:52:19','2013-07-22 06:28:09'),(758,73,90,'Et repudiandae asperiores omnis dolores est.',0,1,'2017-07-03 08:41:05','2012-07-01 20:11:36'),(759,14,49,'Et sunt qui magnam ducimus itaque nostrum.',0,1,'2013-08-16 18:51:20','2020-05-27 11:01:11'),(760,43,70,'Sunt et dolor a voluptate nemo facere.',0,1,'2016-01-27 16:04:01','2014-05-04 02:38:14'),(761,72,50,'Ducimus in quisquam velit natus labore nobis.',0,1,'2011-08-08 01:41:41','2020-05-03 12:03:39'),(762,4,32,'Possimus ipsa sed facere.',0,1,'2016-10-24 21:10:55','2018-09-07 09:12:09'),(763,20,91,'Eos aut repudiandae minima praesentium.',0,1,'2015-08-17 16:43:50','2019-01-28 13:29:59'),(764,35,74,'Facilis quo debitis cum cum dolorem.',0,1,'2014-11-13 18:12:43','2017-05-29 22:58:29'),(765,32,97,'Ab sapiente non eum itaque consequuntur sit rem.',0,1,'2012-12-13 09:01:35','2019-09-22 09:53:42'),(766,13,25,'Corrupti et voluptatum odit voluptatem.',0,1,'2013-08-07 19:35:36','2017-08-29 16:46:06'),(767,97,68,'Quaerat et labore fuga sit ut magnam autem.',0,1,'2017-12-27 16:50:55','2014-07-09 11:27:56'),(768,75,6,'Impedit ut iste est fuga provident ipsam.',0,1,'2016-12-11 22:31:14','2014-07-18 06:22:54'),(769,48,11,'Consectetur vitae maxime consequatur ad.',0,1,'2014-07-12 16:12:49','2017-03-18 03:21:21'),(770,31,43,'Esse libero animi laborum ea est.',0,1,'2011-10-14 07:11:24','2019-12-24 08:44:27'),(771,6,10,'Velit voluptatum facere distinctio.',0,1,'2014-12-13 00:42:32','2017-09-12 04:55:53'),(772,83,57,'Non ex dolores praesentium placeat voluptatem qui.',0,1,'2014-01-12 13:59:47','2019-07-19 17:21:35'),(773,99,15,'Impedit quia velit est mollitia delectus aut praesentium.',0,1,'2014-05-21 03:06:23','2014-04-18 12:45:58'),(774,59,81,'Necessitatibus minima qui delectus temporibus rerum rerum in.',0,1,'2011-03-24 13:44:03','2018-05-09 03:00:57'),(775,50,59,'Corrupti vel explicabo aut eaque.',0,1,'2013-12-01 14:27:44','2012-05-10 19:35:13'),(776,75,81,'Et aut fugiat dignissimos architecto.',0,1,'2012-09-20 09:25:31','2016-10-02 05:09:02'),(777,31,65,'Iusto saepe optio molestiae.',0,1,'2020-05-09 05:20:46','2013-01-26 21:50:35'),(778,3,83,'Voluptas reprehenderit autem eum illum.',0,1,'2017-11-06 07:58:54','2011-05-26 07:37:06'),(779,3,21,'Impedit et cupiditate unde ut.',0,1,'2014-01-31 08:18:19','2016-02-02 18:37:05'),(780,12,19,'Repellat in laboriosam praesentium tenetur optio sed.',0,1,'2017-03-08 10:35:20','2018-11-08 06:44:16'),(781,35,37,'Officiis id quia autem laudantium cum.',0,1,'2020-06-18 11:12:42','2015-05-28 07:17:31'),(782,51,8,'Labore nihil error nemo corporis.',0,1,'2014-05-21 20:38:12','2018-05-12 15:28:27'),(783,83,31,'Corporis illum iure aliquam voluptatibus laborum est.',0,1,'2018-08-30 06:30:58','2011-07-03 21:26:39'),(784,69,36,'Quaerat id perferendis quia nulla.',0,1,'2014-01-04 18:44:08','2011-06-04 00:59:15'),(785,52,26,'Consequatur nam qui exercitationem similique.',0,1,'2013-03-21 19:19:43','2020-06-16 09:35:32'),(786,55,37,'Non mollitia magni voluptatem dolores.',1,1,'2020-06-14 09:06:27','2019-02-06 13:28:10'),(787,68,26,'Velit nisi assumenda non magni.',0,1,'2020-07-19 10:35:32','2011-05-06 23:44:22'),(788,67,4,'Quis autem sed dolorem facilis eos.',0,1,'2011-11-10 23:36:10','2010-12-09 06:12:07'),(789,58,26,'Ipsam officia saepe vel.',1,1,'2019-11-12 13:56:06','2014-03-15 12:17:03'),(790,74,56,'Aliquid in suscipit quam.',1,1,'2014-08-02 05:13:19','2018-04-15 10:54:10'),(791,31,67,'Qui exercitationem debitis porro qui quibusdam vel distinctio.',1,1,'2015-05-03 22:32:05','2017-06-22 17:07:40'),(792,84,49,'Quam qui possimus quos.',0,1,'2011-01-10 19:37:58','2015-03-05 15:43:30'),(793,11,32,'Beatae fuga et est itaque provident.',1,1,'2018-11-28 17:36:41','2017-01-07 04:56:20'),(794,37,63,'Pariatur et facilis qui vel nulla suscipit fugiat quisquam.',0,1,'2017-10-13 15:27:50','2016-09-06 14:54:51'),(795,28,6,'Omnis aut excepturi et ea eos rerum quia mollitia.',0,1,'2013-06-01 06:19:28','2018-05-08 05:29:43'),(796,89,99,'Ut repellendus et voluptatum sunt.',0,0,'2016-03-31 13:43:40','2019-05-23 15:35:49'),(797,2,30,'Reiciendis quo at velit quas sint rerum est.',0,1,'2011-08-02 09:40:52','2016-10-09 15:56:47'),(798,78,88,'At quos ab architecto sed.',0,1,'2019-07-12 00:24:56','2015-06-13 10:10:06'),(799,33,85,'Perferendis natus modi ut aspernatur aut consequatur.',0,1,'2016-11-16 03:55:47','2015-11-01 22:46:55'),(800,79,50,'Rerum et est quia ut tempora.',0,1,'2018-01-12 14:19:30','2020-05-15 08:35:10'),(801,81,36,'Et laboriosam nihil veritatis ipsum et.',0,1,'2014-03-24 16:48:58','2014-12-05 06:22:18'),(802,33,71,'Cupiditate numquam suscipit quaerat facilis sed facilis nihil.',0,1,'2013-07-25 16:19:15','2017-09-11 23:42:33'),(803,32,23,'Porro velit at dolores odit reiciendis.',0,1,'2017-12-09 20:31:19','2013-06-11 10:05:21'),(804,74,55,'Tenetur voluptate quis numquam.',0,1,'2015-01-24 08:20:16','2020-07-30 17:34:04'),(805,1,79,'Animi sint blanditiis et in in deleniti reiciendis voluptate.',0,1,'2013-12-08 01:09:18','2018-08-24 06:20:56'),(806,30,18,'At vitae ut consequatur aliquam.',0,1,'2015-01-17 14:22:47','2013-06-01 12:17:09'),(807,9,99,'Et ipsam expedita ipsum repellat corrupti accusamus porro.',0,1,'2014-04-02 03:39:12','2017-08-18 20:08:46'),(808,30,87,'Consequuntur qui est repellendus doloremque cupiditate magni.',0,1,'2011-01-17 19:07:59','2017-03-24 20:02:16'),(809,84,83,'Assumenda culpa quae perferendis sint alias quae.',1,1,'2014-02-03 16:10:11','2018-11-19 09:24:54'),(810,60,19,'Saepe velit voluptatem ut accusamus corporis et rerum quibusdam.',0,1,'2017-04-24 15:52:40','2019-12-12 20:23:48'),(811,90,24,'Sed quod aspernatur dolorem non.',0,1,'2018-08-03 09:05:57','2016-09-15 06:11:40'),(812,80,2,'Expedita accusantium distinctio quos consectetur sed alias sit.',0,1,'2016-02-07 14:23:47','2013-11-23 07:35:19'),(813,36,23,'Autem sequi maiores suscipit blanditiis.',0,1,'2016-11-25 14:54:10','2019-05-06 11:18:52'),(814,14,26,'Quo alias magni beatae totam harum.',0,1,'2020-05-02 02:12:50','2017-06-13 01:50:45'),(815,69,82,'Vitae ullam harum labore veniam ex porro.',1,1,'2013-04-09 21:12:26','2011-07-18 14:38:05'),(816,44,85,'Cumque quasi et ut.',0,1,'2019-10-26 09:07:33','2015-05-23 02:32:29'),(817,57,57,'Laborum quis voluptatem quas voluptatem consequatur et quam quis.',0,1,'2011-06-09 06:19:00','2019-12-14 18:46:49'),(818,82,42,'Consectetur natus quia voluptatem dignissimos.',0,0,'2011-03-30 01:29:56','2015-02-22 09:33:36'),(819,78,100,'Libero qui amet et aut consequuntur voluptate.',0,1,'2018-04-24 19:37:09','2012-06-11 16:37:02'),(820,91,89,'Consequuntur natus dolor sapiente reprehenderit et nobis mollitia beatae.',0,1,'2020-07-15 13:53:30','2011-04-11 05:45:43'),(821,14,10,'Suscipit inventore aut quo nam velit.',0,1,'2020-04-15 09:28:29','2011-10-27 08:25:38'),(822,59,1,'Voluptatem repellendus exercitationem atque et cum.',0,0,'2015-11-01 06:22:14','2012-11-25 08:07:15'),(823,44,78,'Neque non nihil odit distinctio nostrum.',0,1,'2019-09-29 08:01:08','2017-03-27 12:16:23'),(824,86,52,'Sit omnis odit quis deleniti.',0,1,'2017-07-17 09:16:07','2015-01-01 18:15:34'),(825,93,75,'Laborum nesciunt et provident suscipit ut velit vel.',0,1,'2015-07-09 13:42:22','2019-08-26 02:14:55'),(826,22,70,'Corrupti ab aut qui deleniti quas neque at.',0,1,'2017-02-25 05:49:51','2011-07-25 14:30:10'),(827,23,84,'Et eaque explicabo assumenda nisi consequuntur dolore consequatur.',0,1,'2013-03-25 18:58:15','2015-11-17 11:27:20'),(828,99,24,'Molestiae sit provident a illum.',0,1,'2017-07-14 22:31:58','2015-02-17 22:44:52'),(829,76,48,'Non dolorem iure nemo occaecati quaerat.',0,1,'2018-05-17 14:09:08','2015-07-02 01:57:06'),(830,50,36,'Dignissimos modi voluptas placeat sequi doloribus magni.',0,1,'2015-03-31 06:36:04','2014-11-29 09:26:32'),(831,13,59,'Itaque vel quia ut ea quasi reiciendis sint.',0,1,'2012-04-02 16:04:39','2018-03-28 02:20:19'),(832,94,13,'Sint ut quos incidunt ducimus natus assumenda.',0,1,'2010-11-21 08:27:58','2020-04-19 23:37:18'),(833,8,29,'Impedit molestiae sed commodi aliquid.',0,1,'2011-04-11 18:07:23','2013-06-26 15:02:16'),(834,93,63,'Ut reprehenderit neque enim qui fuga fugit.',0,1,'2011-05-21 16:03:05','2019-12-22 06:45:03'),(835,18,58,'Et dolores aliquid tempora velit.',0,1,'2017-01-01 10:32:35','2014-09-30 00:31:01'),(836,17,77,'Recusandae ullam beatae et suscipit sunt sit sit.',0,1,'2013-01-16 14:18:13','2015-08-12 05:54:04'),(837,30,28,'Id neque ad tempore ratione ipsum recusandae autem eos.',0,1,'2019-09-30 02:18:54','2012-06-13 22:00:32'),(838,51,21,'Officia debitis nemo cum officiis sed alias.',0,1,'2018-03-30 22:24:49','2019-11-25 02:03:24'),(839,41,67,'Voluptatem error labore fugit eligendi possimus enim dolorem.',0,1,'2018-08-20 22:31:51','2017-01-23 11:53:43'),(840,75,49,'Ullam autem porro et expedita in.',0,1,'2016-11-04 17:58:02','2012-06-04 03:14:27'),(841,33,12,'Vel eum omnis quia vitae.',0,1,'2017-05-12 23:22:04','2014-06-04 08:10:31'),(842,78,78,'Libero qui ad fuga odio et est.',0,1,'2013-04-27 06:52:51','2017-07-09 14:35:53'),(843,18,18,'Vel iste ad accusantium molestias illum.',1,1,'2013-09-12 05:52:22','2013-11-11 01:35:27'),(844,93,96,'Debitis distinctio assumenda enim incidunt itaque.',1,0,'2015-03-02 15:52:02','2019-03-05 05:20:58'),(845,21,43,'Beatae aliquid tempore eos ullam tempora sint ut.',0,1,'2011-11-26 19:29:29','2020-06-01 20:09:08'),(846,86,46,'Alias et at maxime rem.',1,1,'2019-10-26 04:11:21','2015-09-04 22:58:39'),(847,79,80,'Ducimus autem voluptatem ea deserunt quasi in.',0,1,'2019-01-30 02:24:51','2018-05-22 15:59:57'),(848,55,59,'Eum consequatur quia ut ratione tenetur.',0,1,'2014-08-17 03:37:21','2013-08-15 12:41:41'),(849,57,46,'Quia cum odio sapiente deserunt.',0,1,'2020-05-27 16:28:52','2011-02-23 09:53:43'),(850,5,32,'In quod sed facilis.',0,1,'2018-12-04 07:29:52','2014-09-18 06:11:16'),(851,40,92,'Dignissimos est deleniti molestiae pariatur at accusamus perspiciatis.',0,1,'2012-05-31 00:56:02','2018-05-09 01:10:06'),(852,58,68,'Totam quia fugit voluptas sed nam ut quis.',0,1,'2018-07-24 00:04:08','2018-09-17 03:34:33'),(853,88,75,'Consequatur distinctio possimus eligendi est.',0,1,'2014-01-27 01:51:44','2010-09-17 08:37:21'),(854,87,45,'Voluptatum fugiat nemo eveniet laborum sint.',0,1,'2014-09-08 21:33:35','2012-02-08 12:44:28'),(855,26,36,'Totam nostrum dolore vero aspernatur iste.',0,1,'2012-09-25 21:53:50','2013-11-27 11:58:12'),(856,48,4,'Quasi et porro inventore aliquam.',0,1,'2015-01-24 06:31:09','2017-04-25 12:04:05'),(857,76,97,'Hic et sed eos incidunt qui.',0,1,'2018-05-07 23:55:08','2015-05-18 03:57:25'),(858,75,88,'Suscipit reprehenderit inventore aut illo autem.',0,1,'2018-02-22 23:27:25','2013-09-14 13:45:40'),(859,40,61,'Ut vero architecto labore est.',0,1,'2011-09-17 10:17:52','2014-09-23 12:16:37'),(860,71,24,'Molestiae praesentium quam sunt fugit nesciunt qui.',0,1,'2012-08-01 13:12:02','2020-06-17 20:23:04'),(861,39,12,'Et perspiciatis officiis excepturi eaque.',0,1,'2011-04-19 20:51:58','2019-03-14 08:39:10'),(862,83,15,'Labore tenetur cupiditate labore.',0,1,'2019-09-03 18:26:25','2015-08-09 05:23:33'),(863,6,88,'Labore doloribus et commodi et magnam optio.',0,1,'2020-03-28 05:00:05','2013-02-24 16:24:50'),(864,4,4,'Aliquam repellat autem consequuntur.',0,1,'2015-03-06 04:40:22','2016-12-17 02:50:13'),(865,23,53,'Cum dolor ullam delectus id tenetur laboriosam unde.',0,1,'2011-01-15 16:35:03','2013-08-19 20:57:19'),(866,99,97,'Illo magnam quis dicta illum vitae ut autem.',0,1,'2020-08-08 18:53:13','2014-12-22 09:18:36'),(867,48,60,'Quasi voluptates sed iure iure sed modi.',0,1,'2011-02-16 21:35:30','2018-10-19 13:18:31'),(868,23,38,'A aut et iusto enim repudiandae odio.',0,1,'2011-08-08 05:51:20','2018-10-16 06:00:58'),(869,5,54,'Facere voluptatum quidem molestias ipsum quis.',0,1,'2016-12-16 01:33:23','2020-05-17 22:23:00'),(870,62,3,'Quia reiciendis recusandae sit nemo rem ut.',0,1,'2012-11-20 18:12:31','2015-01-05 12:53:07'),(871,89,65,'Sint alias nesciunt pariatur ipsam dolorem vel voluptates.',0,1,'2020-08-10 17:33:06','2019-07-21 15:00:08'),(872,95,38,'Iusto sit non quisquam et eligendi non.',0,1,'2020-02-14 02:09:44','2015-12-19 10:26:46'),(873,86,96,'Vero dolorem numquam quod quidem tenetur.',0,1,'2013-11-02 02:57:45','2011-12-25 08:00:24'),(874,34,47,'Deserunt voluptatem nemo minus et quis perferendis qui.',1,1,'2018-06-15 19:34:26','2018-03-27 10:55:15'),(875,12,20,'Qui animi quis est autem reprehenderit.',1,1,'2010-11-22 10:27:54','2019-07-06 22:55:18'),(876,91,41,'Rerum est id cum natus.',1,1,'2018-06-10 17:39:29','2014-12-03 20:09:42'),(877,25,91,'Dolores in laudantium doloremque.',0,1,'2014-07-18 12:55:36','2018-04-17 18:45:28'),(878,92,74,'Quia dolores aut fugiat sit sequi rerum.',0,1,'2014-06-21 11:20:57','2015-04-24 04:59:27'),(879,74,60,'Ut officia temporibus soluta quas adipisci tempore vel.',0,1,'2020-06-20 16:55:25','2017-07-07 21:21:12'),(880,34,68,'Eveniet voluptas aut id suscipit et debitis fugit mollitia.',0,1,'2017-03-15 11:14:33','2012-03-15 01:55:05'),(881,4,30,'Dolor nulla et totam totam voluptates quos modi.',0,1,'2019-10-12 18:09:31','2011-01-25 08:58:21'),(882,15,45,'Aut assumenda eos ut ipsam.',0,1,'2014-03-25 12:17:32','2012-05-25 08:56:54'),(883,84,30,'Officia illo aut et.',0,1,'2016-05-01 05:11:32','2014-10-26 23:33:29'),(884,49,30,'Laboriosam ipsa sed sint accusantium et.',0,1,'2017-01-28 04:45:11','2010-11-27 15:32:11'),(885,43,52,'In porro dolores possimus.',0,1,'2014-08-05 09:08:52','2014-08-16 00:16:28'),(886,12,66,'Et vel qui eos expedita sed quisquam accusantium.',0,1,'2016-01-16 10:22:07','2016-03-01 15:17:43'),(887,40,85,'Iusto et nemo quas vel et libero et.',0,1,'2015-10-28 05:29:45','2015-11-09 05:57:42'),(888,59,48,'Blanditiis consectetur repellendus itaque facilis.',0,1,'2014-04-05 03:21:36','2013-11-09 05:51:15'),(889,21,19,'Enim nihil magnam est est voluptatem tenetur sed.',0,1,'2019-06-13 16:57:40','2013-09-14 23:30:39'),(890,98,17,'Quisquam accusantium unde adipisci ut dolorem quidem.',0,1,'2017-03-26 08:57:04','2019-02-09 03:47:28'),(891,7,68,'Expedita soluta excepturi odit reiciendis.',0,1,'2018-06-15 18:04:58','2011-07-30 21:36:51'),(892,79,44,'Exercitationem rerum facere eos consequatur consequatur eos assumenda.',0,1,'2014-06-22 04:56:27','2014-06-30 21:20:34'),(893,78,37,'Explicabo quasi est ratione et.',0,1,'2015-03-16 17:38:08','2020-06-29 11:45:41'),(894,77,67,'Modi neque suscipit fuga recusandae.',0,1,'2017-02-11 10:02:27','2020-04-20 17:19:47'),(895,24,5,'Dolor odit ut corrupti unde quas vel.',1,1,'2016-09-04 11:33:22','2016-06-21 17:56:23'),(896,20,17,'Consequatur magni itaque sapiente animi neque.',1,1,'2020-08-29 07:18:40','2012-12-19 08:48:05'),(897,4,98,'Qui sint ut aliquid est.',0,1,'2012-08-23 06:03:32','2014-07-26 01:14:07'),(898,62,42,'Est et id accusamus atque maxime magnam.',0,1,'2017-12-29 03:35:19','2016-05-14 17:31:44'),(899,80,55,'Assumenda rerum porro fuga ipsum sequi.',0,1,'2014-10-06 17:36:01','2019-07-20 19:10:57'),(900,32,34,'Hic dolores doloremque consectetur earum hic doloribus.',0,1,'2018-02-11 07:26:20','2014-06-16 23:35:26'),(901,5,22,'Quia deserunt aut vel perferendis.',0,1,'2013-01-12 07:21:00','2019-07-12 15:10:42'),(902,73,51,'Cumque ipsam earum dicta autem.',0,1,'2016-08-23 16:18:57','2019-10-08 02:40:42'),(903,95,35,'Non aut modi omnis quae.',0,1,'2019-04-21 03:33:54','2016-05-01 01:13:13'),(904,67,97,'Omnis animi animi excepturi et.',0,1,'2019-02-03 03:51:36','2015-08-15 14:17:14'),(905,95,98,'Reiciendis reprehenderit reprehenderit est.',0,1,'2012-03-22 16:20:44','2014-07-09 11:56:37'),(906,22,30,'Harum maiores officia nesciunt.',1,1,'2015-06-30 08:48:52','2018-05-20 21:06:57'),(907,35,15,'Dolore eum dolorem sed rem facere accusantium illo.',0,1,'2014-01-25 14:56:08','2019-04-22 03:08:26'),(908,7,35,'Itaque nisi vitae quaerat quidem.',0,1,'2019-10-21 00:35:55','2018-04-01 08:44:56'),(909,4,89,'Est repellendus iure nostrum accusantium.',0,1,'2012-02-18 01:59:30','2012-06-11 11:15:48'),(910,81,89,'Blanditiis non qui mollitia quia dolorem consequuntur.',0,1,'2013-10-12 11:09:19','2020-08-16 20:29:48'),(911,79,18,'Voluptatibus adipisci necessitatibus natus nostrum quo occaecati.',0,1,'2020-06-18 16:51:53','2014-04-12 13:36:38'),(912,39,100,'Nam rerum vero quibusdam eos provident vitae.',0,1,'2015-03-09 21:33:00','2015-08-04 01:20:57'),(913,43,7,'Et nostrum sunt corrupti molestias non.',1,1,'2020-06-17 22:43:09','2014-10-07 02:48:58'),(914,8,4,'Id beatae vel veritatis harum inventore.',1,1,'2019-10-29 07:59:05','2017-06-08 01:38:16'),(915,20,65,'Minima eveniet qui officia voluptate.',0,1,'2019-03-01 03:18:44','2012-04-29 20:15:13'),(916,12,93,'Asperiores dolorum eos ullam iusto dolores.',0,1,'2020-01-24 22:10:39','2019-03-24 23:36:26'),(917,57,32,'Praesentium et eligendi qui iure ut.',0,1,'2013-02-07 19:22:26','2017-12-29 18:20:42'),(918,24,62,'At debitis impedit est voluptatum autem dolores soluta aliquam.',0,1,'2013-12-08 02:01:10','2019-06-25 20:27:42'),(919,54,6,'Voluptatem modi voluptates velit velit ipsum.',0,1,'2013-01-10 00:07:13','2018-04-13 16:53:38'),(920,91,52,'Atque accusamus distinctio omnis esse.',0,1,'2014-04-26 07:18:26','2011-11-03 05:26:01'),(921,11,72,'Est iste omnis qui et.',1,1,'2014-08-16 20:20:26','2016-09-06 02:48:45'),(922,87,85,'Qui ullam nemo optio quisquam enim qui.',0,1,'2019-09-28 18:44:02','2018-04-27 05:03:07'),(923,30,45,'Ea voluptas dolor excepturi ea est dolores error adipisci.',0,0,'2014-03-20 00:35:46','2013-05-14 00:54:13'),(924,47,73,'Ut laboriosam repellat non similique illo.',1,1,'2014-11-25 04:54:45','2012-06-08 09:23:15'),(925,51,95,'Labore dolores illo et.',0,1,'2019-07-03 20:13:18','2014-02-05 19:13:24'),(926,84,53,'Suscipit recusandae maiores nobis sint assumenda consequatur esse.',0,1,'2016-08-30 17:04:55','2015-07-08 03:20:01'),(927,3,75,'Eius quas beatae voluptate rerum.',0,1,'2017-09-27 01:24:33','2013-03-16 05:58:49'),(928,52,46,'Commodi voluptatem quas enim rem alias.',0,1,'2018-07-02 13:27:07','2014-09-04 21:21:18'),(929,88,57,'Dolorem eligendi hic et explicabo.',0,1,'2014-10-16 12:35:11','2011-06-23 06:33:52'),(930,11,43,'Est vero ut sit vel.',0,1,'2011-01-29 17:40:52','2014-04-16 00:09:28'),(931,47,36,'Et dolor tempore fugiat quaerat sunt inventore.',0,1,'2019-05-07 00:30:32','2010-12-21 23:29:51'),(932,28,30,'Veniam sunt doloribus doloremque.',0,1,'2011-06-20 16:44:14','2013-03-17 01:24:19'),(933,99,16,'Quis illo aut voluptatem eos.',1,1,'2011-03-24 20:56:48','2019-07-24 10:30:23'),(934,65,37,'Voluptas ab consequuntur libero ab voluptate eaque quia.',0,1,'2012-08-26 14:57:35','2013-04-08 15:34:48'),(935,93,10,'Ut placeat architecto eos.',0,1,'2012-03-16 13:04:12','2014-08-23 03:16:57'),(936,39,52,'Asperiores qui explicabo placeat et ab laudantium eum culpa.',0,1,'2012-03-22 12:40:25','2017-04-26 09:11:33'),(937,22,61,'Cumque explicabo aut quasi autem ipsum.',0,1,'2017-10-26 23:41:48','2015-10-12 04:53:53'),(938,100,12,'Earum cum excepturi alias et atque at aspernatur.',0,1,'2013-07-11 08:15:31','2012-07-20 19:19:00'),(939,34,33,'Voluptatem aliquid corrupti est nobis.',0,1,'2015-08-30 02:08:24','2013-01-02 00:10:07'),(940,76,20,'Enim omnis molestiae sunt ipsa voluptates sit.',0,1,'2018-09-19 14:32:14','2018-03-18 10:04:25'),(941,20,77,'Neque autem voluptates corrupti ipsum eius.',0,1,'2020-09-03 14:38:58','2020-02-17 10:12:43'),(942,62,66,'Et et possimus voluptas modi ad quibusdam ipsam.',0,0,'2019-07-29 01:49:12','2011-10-03 18:39:46'),(943,63,57,'Est perspiciatis fuga in excepturi est soluta.',0,1,'2016-09-16 17:56:50','2020-08-26 12:43:24'),(944,15,36,'Numquam vitae illum enim quas est error.',0,1,'2019-04-16 15:25:29','2016-10-06 17:20:43'),(945,4,37,'Quia et est voluptas perspiciatis vel iure ut.',0,0,'2013-04-30 10:34:17','2019-05-31 11:15:13'),(946,2,38,'Fugit in iste temporibus et quae quisquam.',0,1,'2012-01-02 04:28:55','2013-12-06 12:19:00'),(947,79,34,'Odio velit qui voluptate tempora qui.',0,1,'2016-10-25 09:49:42','2013-08-25 20:34:22'),(948,93,19,'A voluptates laudantium sit velit aut architecto.',0,1,'2014-04-29 22:06:48','2011-05-17 13:16:00'),(949,99,10,'Harum libero ut dolorem culpa quis suscipit.',0,1,'2013-11-16 04:41:30','2011-11-18 02:50:39'),(950,39,60,'Officia sit rerum qui.',1,1,'2011-11-01 19:34:30','2019-05-26 16:36:44'),(951,17,54,'Eos consequatur debitis eligendi eos consequatur perspiciatis nihil molestiae.',0,1,'2018-09-29 16:44:21','2016-01-30 22:15:25'),(952,75,41,'Sint consequatur ab quod quidem ex.',0,1,'2014-05-21 10:14:02','2015-10-25 07:07:53'),(953,16,35,'Molestiae non et modi eius dolorum voluptates alias non.',0,1,'2019-04-25 04:45:20','2018-07-18 03:41:47'),(954,90,24,'Sit voluptatem et qui laborum autem quam.',0,1,'2013-11-10 06:41:38','2017-06-19 18:42:34'),(955,46,34,'Magni repudiandae cum doloremque.',1,1,'2018-02-20 19:15:56','2012-08-01 18:54:36'),(956,98,36,'Dicta est quos qui aliquid sed.',0,1,'2012-06-09 18:30:41','2019-09-18 17:30:41'),(957,75,7,'Nesciunt ut quod reiciendis possimus.',0,1,'2016-07-19 13:59:18','2020-07-15 21:34:28'),(958,56,98,'Nam excepturi corrupti suscipit eaque consequuntur.',0,1,'2013-08-09 18:15:47','2014-04-08 03:07:59'),(959,24,17,'Aperiam quaerat sed molestias in et ut.',0,1,'2018-07-05 00:45:30','2011-03-15 22:46:01'),(960,13,57,'Ut et id eos qui.',0,1,'2011-02-07 13:58:00','2011-05-07 02:27:04'),(961,9,87,'Iure molestiae amet alias libero aliquid error quo.',0,1,'2017-01-30 01:08:41','2011-10-28 15:58:30'),(962,10,66,'Soluta eaque libero consequatur dolores.',0,1,'2014-03-23 23:17:40','2011-06-28 22:35:30'),(963,24,46,'Alias et tempore cupiditate sequi error voluptas.',0,1,'2011-12-18 22:58:25','2015-02-07 00:48:42'),(964,5,8,'Ea pariatur adipisci cum ea consectetur.',0,1,'2010-09-19 13:57:01','2015-05-21 02:51:56'),(965,50,6,'Odit porro rerum enim voluptatem ipsum recusandae.',1,1,'2017-05-17 13:36:05','2017-05-16 15:53:40'),(966,77,74,'Eum esse corporis sapiente alias consequuntur sint nesciunt.',0,1,'2017-07-30 05:49:49','2018-02-08 09:19:09'),(967,85,5,'Eius recusandae velit similique incidunt eum consectetur sequi.',0,1,'2011-09-07 14:02:31','2011-05-17 11:09:45'),(968,73,55,'Quam quae esse ex est.',1,1,'2020-01-29 20:42:32','2019-11-05 06:06:36'),(969,26,10,'Praesentium accusamus nulla qui.',0,1,'2014-11-16 03:09:13','2015-01-07 06:23:09'),(970,67,23,'Et ab et officiis non et modi.',0,1,'2016-06-17 07:28:52','2015-02-26 10:34:33'),(971,69,2,'Officia voluptatibus soluta numquam modi.',0,1,'2019-10-09 11:57:06','2015-12-02 21:15:27'),(972,71,59,'Fugiat cumque repellendus ut quis consequatur quibusdam.',0,1,'2015-10-13 21:38:19','2020-04-19 00:41:36'),(973,53,51,'Provident nihil alias enim magni labore alias.',0,1,'2016-05-17 12:38:14','2015-02-10 22:22:39'),(974,77,66,'Rerum eaque quia quaerat tempora qui.',0,1,'2014-09-20 23:17:27','2015-11-04 00:52:22'),(975,54,82,'Animi rem ipsam asperiores voluptatem ut sequi numquam asperiores.',0,1,'2014-09-26 14:55:14','2012-08-22 13:02:27'),(976,22,76,'Facere sapiente sapiente voluptates consequatur.',0,1,'2011-06-11 10:34:20','2019-12-13 06:31:40'),(977,79,59,'Qui eveniet quia nihil architecto omnis quo.',0,0,'2013-05-07 17:19:45','2012-01-02 03:55:56'),(978,77,35,'Tenetur temporibus consectetur deleniti repellendus.',0,1,'2010-11-05 06:09:58','2013-04-08 04:01:13'),(979,33,19,'Qui et quia vitae aspernatur.',0,1,'2014-01-16 15:13:12','2011-01-15 23:03:50'),(980,11,21,'Facere et eos tempore iusto voluptatum doloremque provident.',0,1,'2010-12-25 15:59:45','2020-08-07 15:07:57'),(981,75,75,'Doloremque rerum qui excepturi beatae libero ut ipsa.',0,1,'2016-10-27 15:14:51','2016-10-15 10:11:52'),(982,42,32,'Quis error est voluptates velit magnam omnis aut cum.',0,1,'2020-06-20 01:32:52','2015-02-25 16:45:55'),(983,88,96,'Illum veniam doloremque nostrum.',0,1,'2013-04-29 12:20:48','2018-03-21 05:39:45'),(984,22,50,'Facilis in fuga ex omnis ullam perferendis.',0,1,'2015-06-30 16:10:38','2018-06-14 11:07:56'),(985,23,4,'Repellat eos amet qui saepe reprehenderit iusto in perspiciatis.',0,1,'2017-07-21 11:21:17','2019-12-18 16:46:37'),(986,92,29,'Et sit corrupti omnis incidunt vitae.',0,1,'2020-07-13 20:21:45','2019-07-19 08:57:37'),(987,81,53,'Aut qui porro est.',0,1,'2015-12-30 21:22:31','2015-04-19 16:51:53'),(988,15,56,'Sint suscipit fugiat perferendis est omnis temporibus.',0,1,'2011-07-25 21:52:01','2017-05-29 09:26:34'),(989,6,40,'Consequatur omnis eum sed est et voluptas laboriosam.',0,1,'2020-07-16 17:33:15','2012-05-21 06:31:12'),(990,29,64,'Asperiores est rerum nihil enim nobis consequatur et.',0,1,'2012-03-05 07:53:17','2010-11-17 00:00:05'),(991,80,77,'Animi enim expedita dicta.',0,1,'2015-05-22 22:50:18','2018-05-15 13:11:38'),(992,24,16,'Labore dolor enim in autem.',0,1,'2015-08-10 04:34:59','2019-12-30 00:56:35'),(993,4,67,'Amet eaque ullam nemo molestiae cum ut eos.',0,1,'2012-12-30 05:50:11','2020-05-14 20:52:34'),(994,84,43,'Eligendi quo sint aspernatur.',0,1,'2018-09-13 05:17:21','2012-04-22 21:41:43'),(995,48,60,'Enim tempore rerum cum rerum minus dolorum fugit.',0,1,'2015-06-26 15:39:08','2016-10-19 19:04:38'),(996,60,2,'Magni praesentium maiores reiciendis quia.',0,1,'2013-04-18 15:13:03','2014-12-31 10:30:47'),(997,25,93,'Harum est aperiam impedit nihil.',0,1,'2011-09-13 23:29:29','2019-05-15 03:22:43'),(998,20,22,'Sunt dolorem incidunt doloremque non deserunt.',0,1,'2014-07-11 05:39:22','2017-12-08 20:56:49'),(999,70,43,'Quis nisi in dolorum tempore consequatur.',0,1,'2018-01-07 14:48:31','2011-10-14 01:15:49'),(1000,35,84,'Accusamus enim libero laboriosam quidem consequuntur.',0,1,'2011-12-21 00:43:33','2012-01-17 13:14:07');
/*!40000 ALTER TABLE `messages` ENABLE KEYS */;
UNLOCK TABLES;

--
-- Table structure for table `profiles`
--

DROP TABLE IF EXISTS `profiles`;
/*!40101 SET @saved_cs_client     = @@character_set_client */;
/*!50503 SET character_set_client = utf8mb4 */;
CREATE TABLE `profiles` (
  `user_id` int unsigned NOT NULL COMMENT 'Ссылка на пользователя',
  `gender` char(1) NOT NULL COMMENT 'Пол',
  `birthday` date DEFAULT NULL COMMENT 'Дата рождения',
  `photo_id` int unsigned DEFAULT NULL COMMENT 'Ссылка на основную фотографию пользователя',
  `status` varchar(30) DEFAULT NULL COMMENT 'Текущий статус',
  `city` varchar(130) DEFAULT NULL COMMENT 'Город проживания',
  `country` varchar(130) DEFAULT NULL COMMENT 'Страна проживания',
  `created_at` datetime DEFAULT CURRENT_TIMESTAMP COMMENT 'Время создания строки',
  `updated_at` datetime DEFAULT CURRENT_TIMESTAMP ON UPDATE CURRENT_TIMESTAMP COMMENT 'Время обновления строки',
  PRIMARY KEY (`user_id`)
) ENGINE=InnoDB DEFAULT CHARSET=utf8mb4 COLLATE=utf8mb4_0900_ai_ci COMMENT='Профили';
/*!40101 SET character_set_client = @saved_cs_client */;

--
-- Dumping data for table `profiles`
--

LOCK TABLES `profiles` WRITE;
/*!40000 ALTER TABLE `profiles` DISABLE KEYS */;
INSERT INTO `profiles` VALUES (1,'M','2018-03-09',1,'3','Port Griffinview','Libyan Arab Jamahiriya','2018-06-10 15:42:03','2019-09-13 23:45:16'),(2,'F','2007-05-12',2,'1','North Shanaberg','Cameroon','2016-06-14 06:10:56','2013-02-07 18:13:23'),(3,'F','2004-12-05',3,'3','Gislasonhaven','Guinea','2017-05-24 19:21:46','2011-06-14 09:50:00'),(4,'F','1991-02-22',4,'4','West Adelle','Gibraltar','2019-12-20 12:44:05','2020-08-11 06:31:18'),(5,'F','2013-06-06',5,'3','Lehnermouth','Norway','2011-12-17 01:40:03','2015-02-19 07:56:59'),(6,'F','1985-10-12',6,'3','West Kasey','Saint Pierre and Miquelon','2017-05-20 10:03:38','2018-03-05 02:54:33'),(7,'M','1988-09-18',7,'4','Edmondland','Guinea-Bissau','2013-01-02 17:15:17','2016-06-13 04:44:10'),(8,'M','2010-07-06',8,'1','Deannaburgh','Morocco','2018-09-16 12:30:07','2012-12-30 19:09:32'),(9,'M','1979-07-02',9,'3','South Linneaview','United Arab Emirates','2020-08-18 14:40:12','2015-07-23 11:06:53'),(10,'F','2004-10-17',10,'3','Dareton','Guatemala','2017-01-10 01:26:44','2012-04-20 02:42:13'),(11,'F','2007-04-15',11,'3','Boyerside','Bhutan','2012-02-22 12:41:47','2018-07-08 12:45:30'),(12,'F','1975-07-17',12,'1','South Adelbert','Sweden','2011-07-16 02:49:20','2017-02-27 02:47:58'),(13,'M','2014-09-26',13,'3','Lake Estelle','Burkina Faso','2019-08-07 12:13:07','2011-03-17 21:42:57'),(14,'F','1972-06-16',14,'1','Lake Noemichester','Egypt','2019-06-18 03:52:15','2019-10-30 12:33:05'),(15,'F','2016-07-03',15,'1','Emmerichborough','Mexico','2014-05-15 22:05:28','2018-06-22 20:16:54'),(16,'F','1972-11-12',16,'1','South Lucy','Saint Vincent and the Grenadines','2012-02-07 05:32:49','2013-03-28 11:47:09'),(17,'F','2017-09-29',17,'1','O\'Connellville','Latvia','2010-10-24 14:18:29','2012-01-14 23:41:16'),(18,'M','1978-03-30',18,'2','Earlenestad','Liberia','2020-06-29 05:02:01','2017-09-11 03:50:38'),(19,'F','2017-09-28',19,'2','West Brooklynton','Lesotho','2011-06-23 10:25:23','2020-08-28 00:21:12'),(20,'F','1976-09-03',20,'4','Zemlakfort','Kuwait','2012-08-29 00:25:22','2013-10-31 16:36:38'),(21,'F','1973-07-06',21,'3','Joshuahburgh','Qatar','2011-07-28 12:39:42','2011-10-31 03:01:27'),(22,'F','2004-05-21',22,'2','Merrittmouth','Moldova','2014-01-04 08:48:35','2017-12-12 23:37:08'),(23,'M','2018-07-03',23,'3','New Eladio','Holy See (Vatican City State)','2014-07-04 22:15:01','2013-10-29 16:38:08'),(24,'M','2013-11-15',24,'2','South Isai','New Caledonia','2019-12-19 09:39:55','2020-01-07 13:25:41'),(25,'F','2003-06-20',25,'3','Port Haroldchester','French Polynesia','2016-03-05 17:08:59','2018-04-11 08:16:59'),(26,'F','1986-01-08',26,'1','Neomaside','Korea','2013-02-17 19:06:19','2018-10-17 22:59:37'),(27,'M','1982-09-22',27,'4','Huelsstad','United States Virgin Islands','2018-08-15 19:42:00','2019-07-03 18:31:59'),(28,'M','1989-02-18',28,'1','Violetteview','Pitcairn Islands','2012-07-13 07:05:41','2018-05-12 10:47:39'),(29,'M','2016-12-13',29,'3','Lake Casimirstad','Cuba','2015-05-13 10:55:53','2016-03-17 23:51:36'),(30,'M','1993-09-11',30,'3','Koreyport','Sri Lanka','2013-10-18 17:10:29','2014-12-09 04:40:13'),(31,'M','1988-03-20',31,'4','Jedmouth','Burundi','2015-10-03 11:06:22','2011-05-19 18:33:25'),(32,'F','2001-12-20',32,'2','Steviemouth','Mexico','2010-10-15 20:36:36','2017-05-17 09:05:24'),(33,'F','1996-05-28',33,'4','New Alyshachester','Denmark','2011-01-17 07:05:24','2011-06-30 09:53:47'),(34,'M','1999-01-15',34,'3','Jaunitaside','Peru','2012-09-16 15:25:02','2015-02-23 04:40:31'),(35,'M','2013-07-29',35,'4','Davonteberg','Kenya','2017-09-15 07:58:53','2014-10-21 20:01:42'),(36,'M','1973-02-04',36,'3','Kossview','French Southern Territories','2014-01-07 17:12:06','2017-07-28 09:06:12'),(37,'F','2007-01-24',37,'3','Helmerborough','Liechtenstein','2015-05-02 21:35:35','2010-11-15 09:45:24'),(38,'F','2006-09-27',38,'2','Port Cydneystad','Equatorial Guinea','2012-04-14 11:30:23','2017-11-02 08:06:37'),(39,'F','1985-05-24',39,'4','Marquiseborough','Vietnam','2019-04-03 02:20:27','2019-11-13 14:43:11'),(40,'M','1992-08-14',40,'4','Ottoberg','Lithuania','2011-08-20 20:00:27','2014-03-07 03:32:13'),(41,'F','2012-04-04',41,'3','South Kiannabury','Botswana','2012-08-25 16:48:04','2013-09-05 13:34:59'),(42,'F','2006-03-27',42,'3','Port Ryleyview','French Polynesia','2017-07-29 16:28:59','2013-05-25 15:57:40'),(43,'F','1984-08-22',43,'3','Lake Ulices','Cameroon','2020-03-19 10:47:08','2016-12-03 20:30:33'),(44,'F','1977-10-13',44,'1','North Edd','Anguilla','2020-09-04 08:11:08','2014-11-13 20:04:14'),(45,'F','1970-05-09',45,'3','Schambergerville','Ukraine','2016-01-06 20:10:03','2019-02-22 02:11:22'),(46,'M','1980-02-17',46,'1','New Vernonstad','Cook Islands','2016-01-20 17:24:05','2018-02-17 17:50:11'),(47,'F','1976-02-27',47,'3','Port Gianni','Panama','2018-10-28 14:49:31','2019-03-05 23:18:58'),(48,'M','1995-04-04',48,'4','Darestad','Switzerland','2011-12-09 20:24:09','2019-11-28 02:59:50'),(49,'M','1972-06-16',49,'1','Creminville','Angola','2011-04-27 23:30:57','2017-01-10 09:27:23'),(50,'M','1973-10-10',50,'3','New Cathryn','Bahrain','2016-11-09 01:55:25','2018-08-18 09:41:25'),(51,'M','1983-04-23',51,'1','Jacobsonchester','Somalia','2012-04-10 21:47:46','2012-08-04 14:11:00'),(52,'F','2000-01-09',52,'1','Armandomouth','Mongolia','2017-09-19 10:08:01','2015-06-30 14:55:05'),(53,'F','1971-01-18',53,'4','O\'Harastad','Saint Vincent and the Grenadines','2017-01-21 17:39:07','2011-02-05 02:28:33'),(54,'F','1993-03-15',54,'1','Jerdestad','Mongolia','2019-09-23 15:30:51','2018-08-08 10:09:22'),(55,'F','2018-06-10',55,'4','Lehnerfort','Puerto Rico','2015-03-29 21:11:52','2011-10-23 22:28:37'),(56,'M','2004-07-17',56,'3','North Nasirside','Cameroon','2014-04-08 04:04:39','2014-09-28 06:59:36'),(57,'M','2015-04-03',57,'3','Mohrmouth','Swaziland','2012-02-20 00:46:05','2018-08-21 17:08:15'),(58,'M','1976-01-02',58,'1','East Wyman','Grenada','2012-01-21 14:16:25','2020-08-29 00:46:06'),(59,'M','2008-04-16',59,'3','Borerside','Hungary','2015-10-18 05:58:52','2012-01-17 07:13:11'),(60,'M','2019-03-12',60,'3','Jacklynville','Nicaragua','2017-07-06 23:01:56','2011-05-01 04:27:57'),(61,'F','1975-10-03',61,'2','South Adrianahaven','Cambodia','2016-01-01 11:07:13','2016-02-03 13:32:18'),(62,'M','1993-08-06',62,'1','Mollyville','Portugal','2014-10-19 11:42:25','2011-11-02 00:43:17'),(63,'F','1987-03-06',63,'3','Hammeshaven','Jordan','2018-12-03 02:00:02','2019-07-07 13:04:47'),(64,'M','2000-09-28',64,'4','North Imogeneside','Bouvet Island (Bouvetoya)','2015-03-28 09:52:51','2014-02-26 19:53:43'),(65,'F','1996-02-02',65,'3','Lake Hermann','Barbados','2012-09-07 20:24:15','2015-10-29 19:31:38'),(66,'M','1994-11-03',66,'3','Ritchieburgh','Congo','2013-02-02 02:46:01','2020-05-14 18:01:02'),(67,'F','2017-01-13',67,'2','Hirtheton','Turkmenistan','2014-07-24 21:53:23','2019-09-21 18:31:25'),(68,'F','1986-04-25',68,'3','West Mario','Kyrgyz Republic','2018-04-16 06:37:23','2015-05-13 01:45:51'),(69,'M','2009-03-29',69,'4','Angieville','Ireland','2015-09-03 21:42:36','2018-12-06 11:09:55'),(70,'M','1971-11-04',70,'1','Lowebury','Russian Federation','2011-11-29 03:21:40','2019-07-11 05:32:46'),(71,'M','2019-09-15',71,'1','Nicolasside','Uruguay','2016-02-22 15:47:21','2015-11-14 17:49:26'),(72,'M','2013-02-18',72,'3','Lake Litzy','Morocco','2020-03-11 05:41:38','2012-06-26 14:53:04'),(73,'F','1996-05-03',73,'1','Keithfort','Cape Verde','2016-11-17 04:34:00','2011-08-12 02:28:34'),(74,'M','2003-08-29',74,'3','Darwinborough','Uzbekistan','2012-06-27 12:30:44','2020-05-06 10:15:12'),(75,'M','1972-03-04',75,'2','Stromanhaven','Liechtenstein','2013-03-22 02:02:11','2019-08-13 14:45:05'),(76,'F','1970-12-15',76,'1','Schneiderton','Chile','2018-09-11 07:52:44','2012-08-27 15:11:09'),(77,'F','2009-11-30',77,'1','New Elnoraside','Mozambique','2013-07-07 05:38:41','2014-02-19 14:27:40'),(78,'M','1997-07-17',78,'4','New Hansborough','Iran','2011-12-15 14:15:23','2015-06-08 23:31:56'),(79,'M','2019-11-25',79,'3','North Cordellmouth','France','2014-11-07 00:42:20','2014-04-11 20:07:24'),(80,'M','2000-11-27',80,'2','North Junius','Ethiopia','2020-01-12 20:08:42','2011-03-09 14:10:04'),(81,'F','1978-02-05',81,'4','East Fredamouth','Kazakhstan','2015-06-09 18:15:34','2010-12-04 20:05:42'),(82,'M','2003-10-18',82,'1','East Floyport','Bahrain','2012-12-14 18:47:16','2019-02-17 11:17:13'),(83,'M','2017-04-19',83,'2','West Krystinachester','Cyprus','2010-12-03 15:07:38','2017-06-22 08:09:47'),(84,'F','1991-11-08',84,'3','Mraztown','Mauritania','2017-12-27 17:49:35','2011-04-14 21:37:06'),(85,'M','1974-04-17',85,'4','Amelyhaven','Saint Pierre and Miquelon','2018-03-08 21:56:45','2019-07-25 05:06:03'),(86,'F','1983-11-22',86,'1','East Rahsaanport','United States Virgin Islands','2013-03-03 09:54:46','2012-03-28 18:01:21'),(87,'F','1990-09-10',87,'4','West Linniemouth','Latvia','2012-09-05 19:55:43','2018-06-08 05:27:10'),(88,'F','1990-04-23',88,'4','North Ariellemouth','El Salvador','2013-08-03 13:17:06','2019-03-04 23:44:07'),(89,'F','1989-07-03',89,'4','Port Eloisa','Central African Republic','2012-10-02 20:56:52','2014-03-08 14:02:13'),(90,'F','1991-07-05',90,'2','Port Anderson','Djibouti','2018-07-09 15:52:06','2019-03-10 07:47:17'),(91,'M','1970-12-04',91,'1','Osinskiborough','Venezuela','2012-09-30 07:18:21','2011-04-29 08:48:58'),(92,'M','1970-05-30',92,'1','West Hilmaberg','Bosnia and Herzegovina','2016-10-13 08:42:29','2017-09-20 19:07:23'),(93,'M','1975-07-10',93,'4','South Gabrielle','Armenia','2020-03-02 07:19:23','2016-10-03 20:29:42'),(94,'M','2017-10-21',94,'1','Lake Mike','United States Minor Outlying Islands','2015-08-07 22:41:58','2014-12-01 18:50:38'),(95,'M','2006-11-29',95,'4','Mrazland','Uzbekistan','2018-10-14 04:23:51','2015-09-20 08:39:07'),(96,'F','2009-08-04',96,'3','Port Adelachester','Saint Barthelemy','2016-11-29 00:25:30','2017-09-17 01:14:56'),(97,'F','2006-05-29',97,'4','Johnstonfort','Tokelau','2011-12-18 10:20:57','2019-03-28 05:45:35'),(98,'M','1973-11-22',98,'4','Auerborough','Nauru','2018-11-17 16:18:39','2017-11-23 17:23:35'),(99,'F','2015-01-28',99,'1','New Ardenmouth','Afghanistan','2017-07-21 08:08:17','2018-07-09 23:32:24'),(100,'M','2019-10-03',100,'4','East Sandra','Dominican Republic','2013-10-26 18:12:25','2019-07-11 00:59:01');
/*!40000 ALTER TABLE `profiles` ENABLE KEYS */;
UNLOCK TABLES;

--
-- Table structure for table `users`
--

DROP TABLE IF EXISTS `users`;
/*!40101 SET @saved_cs_client     = @@character_set_client */;
/*!50503 SET character_set_client = utf8mb4 */;
CREATE TABLE `users` (
  `id` int unsigned NOT NULL AUTO_INCREMENT COMMENT 'Идентификатор строки',
  `first_name` varchar(100) NOT NULL COMMENT 'Имя пользователя',
  `last_name` varchar(100) NOT NULL COMMENT 'Фамилия пользователя',
  `email` varchar(100) NOT NULL COMMENT 'Почта',
  `phone` varchar(100) NOT NULL COMMENT 'Телефон',
  `created_at` datetime DEFAULT CURRENT_TIMESTAMP COMMENT 'Время создания строки',
  `updated_at` datetime DEFAULT CURRENT_TIMESTAMP ON UPDATE CURRENT_TIMESTAMP COMMENT 'Время обновления строки',
  PRIMARY KEY (`id`),
  UNIQUE KEY `email` (`email`),
  UNIQUE KEY `phone` (`phone`)
) ENGINE=InnoDB AUTO_INCREMENT=101 DEFAULT CHARSET=utf8mb4 COLLATE=utf8mb4_0900_ai_ci COMMENT='Пользователи';
/*!40101 SET character_set_client = @saved_cs_client */;

--
-- Dumping data for table `users`
--

LOCK TABLES `users` WRITE;
/*!40000 ALTER TABLE `users` DISABLE KEYS */;
INSERT INTO `users` VALUES (1,'Moises','Hand','akeem87@example.net','716-833-3002x180','1976-07-29 03:44:09','1993-03-19 14:00:44'),(2,'Desiree','Dickens','cassandre.dach@example.net','+07(2)7966924249','2009-02-25 19:32:26','1978-08-05 04:33:19'),(3,'Kaela','Yost','rippin.rosa@example.com','178.702.9287','2012-10-03 21:59:14','1981-12-13 17:24:56'),(4,'Kira','Gulgowski','pullrich@example.net','800.572.4070x324','2013-04-04 14:15:23','2019-11-07 12:47:50'),(5,'Garth','Reynolds','sauer.talon@example.org','602.503.5713x4527','1970-04-16 12:57:20','2014-01-05 23:58:08'),(6,'Jacinthe','Abshire','zjerde@example.com','328-987-1719x98705','1978-06-12 09:28:39','2003-10-05 16:38:05'),(7,'Keira','Lindgren','norval71@example.org','018-394-9214','2014-05-13 13:32:43','1974-01-20 23:50:33'),(8,'Lizeth','Mohr','ucarter@example.net','1-003-073-7200x44673','1989-05-23 00:35:47','2006-04-14 01:28:42'),(9,'Emmett','Frami','vincenzo.brown@example.com','316-624-8376','1976-08-17 17:03:28','2003-04-26 21:40:35'),(10,'Penelope','Reynolds','carli.wolff@example.com','1-788-876-3821x35509','1978-02-07 05:22:19','2018-11-30 13:37:55'),(11,'Nicholas','Hagenes','dooley.ike@example.net','1-451-382-4524x9867','1977-09-05 13:21:43','1979-05-12 04:13:55'),(12,'Tristian','Metz','ebert.greta@example.org','08928891817','1973-11-26 07:43:41','1998-02-22 08:11:49'),(13,'Armando','Gislason','dluettgen@example.net','(555)089-4968','2005-09-16 14:54:24','1972-03-24 03:43:03'),(14,'Eleazar','Hayes','hilll.rosalee@example.org','1-905-314-5643x23190','1970-10-07 16:49:16','1972-04-20 02:11:18'),(15,'Stephen','Kulas','viola.spinka@example.com','(471)662-8685x3850','2014-02-10 04:39:24','2001-09-06 22:23:15'),(16,'Cole','Grady','cordell.bogan@example.org','046.998.9337x3991','2006-11-13 13:42:00','1983-05-06 03:11:09'),(17,'Randi','Smith','tlockman@example.net','1-944-601-8957x86465','2017-03-07 18:14:58','1988-11-24 16:11:34'),(18,'Lenora','Hamill','kyleigh68@example.com','615.685.3570x934','1983-04-25 17:05:19','2007-02-25 18:18:28'),(19,'Gloria','Krajcik','grimes.melba@example.com','+29(8)4218439961','1990-11-03 13:16:26','1993-01-05 22:17:38'),(20,'Devan','Mann','psteuber@example.org','(017)425-7145x96510','2013-11-23 19:33:43','1995-12-20 00:01:09'),(21,'Junius','Heller','kuvalis.rosendo@example.org','1-381-453-9749x2247','2006-07-24 08:40:24','2018-09-18 14:58:14'),(22,'Tremayne','Hegmann','harris.nadia@example.com','702-615-7794','1991-05-11 14:42:42','2000-09-20 07:52:52'),(23,'Tom','Mraz','lina.huel@example.org','1-060-933-1728x42640','1992-09-10 18:27:57','1989-10-24 01:38:35'),(24,'Linda','Zemlak','felicity10@example.net','1-290-126-0190x1995','1997-05-22 12:06:55','1992-09-24 05:00:03'),(25,'Jamie','Von','george19@example.net','316.656.0842','1974-03-09 02:39:22','1994-06-18 10:20:15'),(26,'Francis','Schaden','zelda.ankunding@example.net','1-604-456-3125x85307','2015-12-08 05:07:44','2000-12-29 11:48:01'),(27,'Candelario','Little','yost.tomasa@example.org','1-187-253-3543','1973-06-15 14:18:15','1984-02-15 08:44:23'),(28,'Christian','Wehner','clifford.barton@example.org','884.632.3278x1957','2010-07-16 18:13:29','1975-06-15 10:07:24'),(29,'Oswaldo','Koepp','hadley36@example.org','714.033.7006x7398','1980-03-05 15:24:34','2003-02-26 04:30:39'),(30,'Lacy','Bauch','dprice@example.org','(633)831-5097x2100','1995-08-23 23:52:27','1974-02-02 06:46:08'),(31,'Immanuel','O\'Reilly','muller.deonte@example.net','909-768-0288x825','2010-07-16 05:08:21','1989-05-07 13:41:30'),(32,'Ebba','Blanda','william35@example.org','023-183-9011','1985-12-09 20:04:53','1976-09-18 13:28:47'),(33,'Tressa','Cummings','nyasia57@example.com','(488)932-4130','2013-03-16 10:14:57','1981-12-25 12:48:52'),(34,'Lonnie','Lesch','considine.ollie@example.com','04793701288','2000-12-01 18:49:54','1978-07-25 03:05:52'),(35,'Destiney','Hegmann','marley95@example.com','092.864.4492','2007-07-17 03:23:49','1994-07-03 05:39:26'),(36,'Giovani','White','tflatley@example.org','(224)309-9071','1977-12-03 10:43:10','1999-04-29 02:06:23'),(37,'Bria','Swaniawski','eloise56@example.org','1-632-159-4390x4087','1984-10-02 20:18:29','2020-05-15 02:38:58'),(38,'Rollin','Jacobson','barbara.kshlerin@example.org','+03(2)9507067063','1999-09-15 07:33:51','2001-03-01 18:26:33'),(39,'Ludie','Bailey','nat87@example.org','122-418-5255','2012-10-15 12:26:58','2013-06-01 08:47:46'),(40,'Bertrand','Moen','quinten.barton@example.net','730.705.1215','1987-12-15 01:20:42','2000-07-26 19:23:08'),(41,'Rodger','Doyle','cmayert@example.com','1-480-541-2886','1984-04-04 09:16:28','2011-03-05 09:38:10'),(42,'Talon','Jacobs','salma22@example.org','(944)680-7191x5747','2010-06-04 13:34:17','1984-08-23 11:15:42'),(43,'Patience','Bode','wilton77@example.com','1-034-458-9657x267','2010-04-13 11:19:29','1979-03-12 06:54:11'),(44,'Helmer','Schneider','nitzsche.simone@example.org','01770805586','2016-07-03 01:55:32','1981-07-07 10:32:49'),(45,'Rosalia','Carroll','ebergstrom@example.org','(836)443-3653x1898','1985-10-04 11:43:43','1982-08-19 12:15:14'),(46,'Keagan','Becker','chauncey25@example.net','430.045.5781','1986-07-26 11:39:37','2001-07-06 09:09:29'),(47,'Ocie','Waters','sporer.fay@example.net','1-141-353-8736','2020-07-25 08:09:43','1992-10-08 12:54:06'),(48,'Karlie','Moen','keegan.hintz@example.net','(721)993-8251x20315','2007-08-09 14:03:06','1988-04-28 20:51:56'),(49,'Jordi','Reichert','sasha.marquardt@example.org','1-902-322-0753x03618','2006-03-12 12:25:57','2017-07-15 03:54:16'),(50,'Leonor','Champlin','ullrich.nestor@example.org','118.077.0663','1981-07-26 02:31:17','1971-12-29 04:57:41'),(51,'Yasmine','Bogisich','josiah76@example.com','(460)730-7957','1980-06-19 09:59:15','1993-03-18 23:04:58'),(52,'Morgan','Kautzer','kathryne48@example.com','1-884-080-7025x1247','1979-02-14 18:28:32','2012-05-06 03:10:27'),(53,'Hailee','Hagenes','reanna.schroeder@example.com','654-559-9761','2013-11-17 03:06:54','2016-09-10 16:17:19'),(54,'Vernie','Cronin','laurine12@example.net','944-877-6089x22123','1992-09-27 21:12:25','1976-02-19 05:21:31'),(55,'Emory','Dare','raynor.octavia@example.net','1-451-259-6512','1978-07-30 06:29:47','1973-08-13 04:57:01'),(56,'Maye','Lehner','alessia48@example.com','659-577-4483x432','2017-12-01 20:55:20','1983-04-23 23:16:42'),(57,'Ayana','Wisoky','lindgren.berta@example.net','(106)183-5012x89837','1992-06-17 12:41:23','1983-09-14 04:05:23'),(58,'Mateo','Little','maximus94@example.org','1-893-768-4852x559','2005-01-05 13:26:22','1970-07-14 01:54:04'),(59,'Maryam','Rolfson','mann.florencio@example.com','178-689-1952','1996-06-21 15:34:11','1982-07-16 04:12:46'),(60,'Katarina','O\'Reilly','julie.o\'connell@example.com','373.442.8535x71393','2010-07-20 04:37:17','1992-05-27 20:41:59'),(61,'Douglas','Willms','xlangosh@example.net','1-263-529-4561x3859','1971-11-07 00:36:20','1977-12-25 16:03:16'),(62,'Aaron','Feest','ldooley@example.org','1-207-892-2919x90760','2011-06-02 19:29:08','1989-01-20 03:31:05'),(63,'Bianka','Smitham','lbode@example.net','133.990.0183','2007-12-15 23:27:52','2014-08-18 11:16:01'),(64,'Dean','Wehner','hertha.crooks@example.org','(097)482-2289x505','1981-10-07 16:43:47','1993-10-05 01:02:14'),(65,'Ignatius','Blick','cloyd58@example.org','+40(5)4112186539','1992-09-22 02:26:36','2005-11-16 21:23:54'),(66,'Annabel','Schiller','hegmann.moshe@example.org','413.136.9431x0949','2017-06-18 10:04:03','2013-02-14 03:07:08'),(67,'Candice','Satterfield','dmurazik@example.net','(678)793-7705','2018-03-20 06:37:27','2020-03-22 22:30:10'),(68,'Lia','Gibson','dustin.heaney@example.com','1-233-668-8521','2006-11-23 02:38:02','2001-02-01 10:00:58'),(69,'Curtis','Labadie','mwisozk@example.org','1-906-490-7644','1993-07-18 07:22:46','2015-06-19 07:47:36'),(70,'Darrick','Hirthe','hills.ben@example.com','467-001-1421','1996-09-02 16:54:31','2007-07-22 14:31:28'),(71,'Omer','Johns','deangelo12@example.com','075-411-1328','1997-12-20 16:16:40','1987-01-27 10:29:45'),(72,'Joe','Lehner','georgiana15@example.net','1-286-892-2540','1995-04-27 13:23:14','2000-03-07 15:15:00'),(73,'Reva','Hermiston','davin78@example.net','044.232.4363x6142','2003-03-06 03:45:59','1993-02-20 18:27:12'),(74,'Naomie','Cremin','bashirian.leora@example.com','08376884521','1983-01-18 03:48:18','1997-08-12 10:44:24'),(75,'Rudy','Beahan','francisca81@example.net','(313)508-7581x600','1988-01-21 00:16:46','1997-05-29 01:40:00'),(76,'Lincoln','Powlowski','mmurphy@example.net','00335223507','2011-08-16 09:54:10','2000-04-21 16:57:13'),(77,'Cathryn','Buckridge','towne.eda@example.com','109-615-1043x0843','1975-07-01 04:23:37','2017-07-12 12:15:48'),(78,'Cheyenne','Erdman','tressa.champlin@example.net','137.217.9873x97820','2020-04-02 05:44:34','1989-12-20 07:09:32'),(79,'Sonia','Hermann','dana.doyle@example.org','307-013-4700','1999-02-23 10:07:47','1983-09-28 05:33:36'),(80,'Herbert','Rice','macie.collier@example.net','1-343-828-1164','2003-08-20 08:38:38','2018-12-19 20:42:59'),(81,'Reanna','Crist','shintz@example.net','668.593.3914','2002-05-16 10:35:27','2010-12-27 23:36:58'),(82,'Justice','Reichel','rhianna33@example.com','(167)596-7191x6213','1974-10-10 20:14:29','1992-12-27 04:14:49'),(83,'Yasmine','Rutherford','von.frankie@example.com','(494)227-5725x2916','1992-03-05 02:46:24','2003-08-28 08:28:08'),(84,'Aryanna','Toy','boyer.ari@example.org','(769)844-9374x040','2000-07-13 03:08:39','1976-12-13 10:05:01'),(85,'Keira','Effertz','ogreenholt@example.com','1-245-041-5552x48188','2001-10-06 13:47:16','2012-09-29 11:51:27'),(86,'Benjamin','Schmitt','jleannon@example.com','1-575-626-1774x39568','1985-08-25 15:26:41','1975-07-18 01:02:22'),(87,'Addison','Hirthe','ernser.amira@example.net','060.415.0997x6496','1988-05-17 12:01:30','2001-02-06 15:10:54'),(88,'Monique','Schowalter','wilderman.keeley@example.net','(745)856-7723x07989','2002-04-06 18:47:52','2005-12-16 20:57:48'),(89,'Cordia','Weissnat','emely.turner@example.com','(962)336-0820x219','1991-02-17 22:45:51','1991-03-17 10:45:45'),(90,'Janie','Stracke','vsmitham@example.net','+94(0)8413653642','1988-12-01 15:56:26','2009-06-04 11:47:29'),(91,'Westley','Fritsch','kaylee60@example.org','344-835-2975x108','2007-09-02 06:41:11','2016-10-25 13:45:36'),(92,'Samanta','Schulist','emmitt.franecki@example.org','02389582541','1986-06-23 16:18:07','1994-03-28 01:54:43'),(93,'Tommie','Gerlach','johnson.hermann@example.com','400.399.2278x39043','2002-04-05 06:37:14','1973-07-23 22:07:47'),(94,'Pearl','Paucek','prudence.buckridge@example.com','1-503-053-7276','2005-11-11 17:55:10','1970-09-25 03:13:23'),(95,'Alexander','D\'Amore','wolff.meaghan@example.org','+05(0)9604582704','1981-11-18 17:50:38','2011-10-13 19:45:53'),(96,'Adrien','Wilderman','moore.alexie@example.net','(831)966-8919x2842','2008-11-27 08:45:18','1982-04-06 16:00:28'),(97,'Daniela','Mante','heath31@example.org','(431)576-5582','1995-12-23 03:23:10','1984-06-19 14:05:29'),(98,'Brown','Schultz','ao\'connell@example.org','1-301-020-9504','1985-11-06 08:51:02','1992-06-27 15:32:50'),(99,'Santina','Heller','jairo.sanford@example.org','027.476.9295x4774','2002-12-24 12:44:48','2019-02-08 06:19:57'),(100,'Amiya','Stark','camilla90@example.org','+54(1)5842384963','2014-08-05 06:46:26','1997-05-15 12:55:34');
/*!40000 ALTER TABLE `users` ENABLE KEYS */;
UNLOCK TABLES;
/*!40103 SET TIME_ZONE=@OLD_TIME_ZONE */;

/*!40101 SET SQL_MODE=@OLD_SQL_MODE */;
/*!40014 SET FOREIGN_KEY_CHECKS=@OLD_FOREIGN_KEY_CHECKS */;
/*!40014 SET UNIQUE_CHECKS=@OLD_UNIQUE_CHECKS */;
/*!40101 SET CHARACTER_SET_CLIENT=@OLD_CHARACTER_SET_CLIENT */;
/*!40101 SET CHARACTER_SET_RESULTS=@OLD_CHARACTER_SET_RESULTS */;
/*!40101 SET COLLATION_CONNECTION=@OLD_COLLATION_CONNECTION */;
/*!40111 SET SQL_NOTES=@OLD_SQL_NOTES */;

-- Dump completed on 2020-09-08 20:21:36
